insert into lesson1_db.country(country_name) 
values (N'Afghanistan'), (N'Albania'), (N'Algeria'), (N'American Samoa'), (N'Andorra'), (N'Angola')
, (N'Anguilla'), (N'Antigua and Barbuda'), (N'Argentina'), (N'Armenia'), ('Aruba'), (N'Australia')
, (N'Austria'), (N'Azerbaijan'), (N'Bahamas'), (N'Bahrain'), (N'Bangladesh'), (N'Barbados')
, (N'Belarus'), (N'Belgium'), (N'Belize'), (N'Benin'), (N'Bermuda'), (N'Bhutan'), (N'Bolivia')
, (N'Bosnia and Herzegovina'), (N'Botswana'), (N'Brazil'), (N'British Virgin Islands'), (N'Brunei')
, (N'Burkina Faso'), (N'Burma'), (N'Bulgaria'), (N'Burundi'), (N'Cambodia'), (N'Cameroon')
, (N'Canada'), (N'Cabo Verde'), (N'Cayman Islands'), (N'Central African Republic'), (N'Christmas Island')
, (N'Colombia'), (N'Chad'), (N'Chile'), (N'China'), (N'Cocos (Keeling) Islands'), (N'Comoros')
, (N'Congo, Democratic Republic of the'), (N'Congo, Republic of the'), (N'Cook Islands')
, (N'Costa Rica'), (N'Cote d''Ivoire'), (N'Croatia'), (N'Cuba'), (N'Curacao'), (N'Cyprus')
, (N'Czech Republic'), (N'Denmark'), (N'Djibouti'), (N'Dominica'), (N'Dominican Republic')
, (N'East Timor'), (N'Ecuador'), (N'Egypt'), (N'El Salvador'), (N'Equatorial Guinea'), (N'Eritrea')
, (N'Estonia'), (N'Eswatini'), (N'Ethiopia'), (N'Faroe Islands'), (N'Fiji'), (N'Finland'), (N'France')
, (N'French Southern and Antarctic Lands'), (N'Gabon'), (N'Gambia'), (N'Georgia'), (N'Germany'), (N'Ghana'), (N'Greece')
, (N'Gibraltar'), (N'Greenland'), (N'Grenada'), (N'Guam'), (N'Guernsey'), (N'Guatemala')
, (N'Guinea'), (N'Guinea-Bissau'), (N'Guyana'), (N'Jersey'), (N'Haiti'), (N'Honduras')
, (N'Hong Kong'), (N'Hungary'), (N'Iceland'), (N'India'), (N'Indonesia'), (N'Iran'), (N'Iraq')
, (N'Ireland'), (N'Israel'), (N'Italy'), (N'Ivory Coast'), (N'Jamaica'), (N'Japan')
, (N'Jordan'), (N'Kazakhstan'), (N'Kenya'), (N'Kiribati'), (N'Korea, North'), (N'Korea, South')
, (N'Kosovo'), (N'Kuwait'), (N'Kyrgyzstan'), (N'Laos'), (N'Latvia'), (N'Lebanon'), (N'Lesotho')
, (N'Liberia'), (N'Libya'), (N'Liechtenstein'), (N'Lithuania'), (N'Luxembourg'), (N'Macedonia'), (N'Macau')
, (N'Madagascar'), (N'Malawi'), (N'Malaysia'), (N'Maldives'), (N'Mali'), (N'Malta')
, (N'Marshall Islands'), (N'Mauritania'), (N'Mauritius'), (N'Mexico'), (N'Micronesia, Federated States of')
, (N'Moldova'), (N'Monaco'), (N'Mongolia'), (N'Montenegro'), (N'Montserrat')
, (N'Morocco'), (N'Mozambique'), (N'Namibia'), (N'Nauru'), (N'Nepal')
, (N'Netherlands'), (N'New Caledonia'), (N'New Zealand'), (N'Nicaragua'), (N'Niger'), (N'Nigeria')
, (N'Niue'), (N'Norfolk Island'), (N'North Macedonia'), (N'Norway'), (N'Northern Mariana Islands')
, (N'Oman'), (N'Pakistan'), (N'Palau'), (N'Panama'), (N'Papua New Guinea')
, (N'Paraguay'), (N'Peru'), (N'Philippines'), (N'Pitcairn Islands'), (N'Poland'), (N'Portugal')
, (N'Puerto Rico'), (N'Qatar'), (N'Romania'), (N'Russian Federation'), (N'Rwanda')
, (N'Saint Helena, Ascension, and Tristan da Cunha'), (N'Saint Kitts and Nevis')
, (N'Saint Lucia'), (N'Saint Pierre and Miquelon'), (N'Saint Vincent and the Grenadines')
, (N'Samoa'), (N'San Marino'), (N'Sao Tome and Principe')
, (N'Saudi Arabia'), (N'Senegal'), (N'Serbia'), (N'Seychelles'), (N'Sierra Leone')
, (N'Singapore'), (N'Sint Maarten'), (N'Slovakia'), (N'Slovenia'), (N'Solomon Islands'), (N'Somalia')
, (N'South Africa'), (N'South Sudan'), (N'Spain'), (N'Sri Lanka'), (N'Sudan')
, (N'Suriname'), (N'Sweden'), (N'Switzerland'), (N'Syria')
, (N'Taiwan'), (N'Tajikistan'), (N'Tanzania'), (N'Thailand'), (N'Timor-Leste'), (N'Togo')
, (N'Tokelau'), (N'Tonga'), (N'Trinidad and Tobago'), (N'Tunisia'), (N'Turkey')
, (N'Turkmenistan'), (N'Turks and Caicos Islands'), (N'Tuvalu')
, (N'Uganda'), (N'Ukraine'), (N'United Arab Emirates'), (N'United Kingdom')
, (N'United States'), (N'Uruguay'), (N'Uzbekistan'), (N'Vanuatu'), (N'Vatican City')
, (N'Venezuela'), (N'Vietnam'), (N'Virgin Islands'), (N'Wallis and Futuna'), (N'Western Sahara')
, (N'Yemen'), (N'Zambia'), (N'Zimbabwe');

-- временная таблица, связь название страны - административная единица
create temporary table if not exists lesson1_db.coun_unit(
	country_name nvarchar(4000)
	, adm_unit_name nvarchar(4000)
);

insert into lesson1_db.coun_unit
values
 (N'Afghanistan', N'Badakhshan')
, (N'Afghanistan', N'Badghis')
, (N'Afghanistan', N'Baghlan')
, (N'Afghanistan', N'Balkh')
, (N'Afghanistan', N'Bamyan')
, (N'Afghanistan', N'Daykundi')
, (N'Afghanistan', N'Farah')
, (N'Afghanistan', N'Faryab')
, (N'Afghanistan', N'Ghazni')
, (N'Afghanistan', N'Ghor')
, (N'Afghanistan', N'Helmand')
, (N'Afghanistan', N'Herat')
, (N'Afghanistan', N'Jowzjan')
, (N'Afghanistan', N'Kabul')
, (N'Afghanistan', N'Kandahar')
, (N'Afghanistan', N'Kapisa')
, (N'Afghanistan', N'Khost')
, (N'Afghanistan', N'Kunar')
, (N'Afghanistan', N'Kunduz')
, (N'Afghanistan', N'Laghman')
, (N'Afghanistan', N'Logar')
, (N'Afghanistan', N'Nangarhar')
, (N'Afghanistan', N'Nimroz')
, (N'Afghanistan', N'Nuristan')
, (N'Afghanistan', N'Paktika')
, (N'Afghanistan', N'Paktiya')
, (N'Afghanistan', N'Panjshir')
, (N'Afghanistan', N'Parwan')
, (N'Afghanistan', N'Samangan')
, (N'Afghanistan', N'Sar-e Pul')
, (N'Afghanistan', N'Takhar')
, (N'Afghanistan', N'Uruzgan')
, (N'Afghanistan', N'Wardak')
, (N'Afghanistan', N'Zabul')
, (N'Albania', N'Berat')
, (N'Albania', N'Diber')
, (N'Albania', N'Durres')
, (N'Albania', N'Elbasan')
, (N'Albania', N'Fier')
, (N'Albania', N'Gjirokaster')
, (N'Albania', N'Korce')
, (N'Albania', N'Kukes')
, (N'Albania', N'Lezhe')
, (N'Albania', N'Shkoder')
, (N'Albania', N'Tirane')
, (N'Albania', N'Vlore')
, (N'Algeria', N'Adrar')
, (N'Algeria', N'Ain Defla')
, (N'Algeria', N'Ain Temouchent')
, (N'Algeria', N'Alger')
, (N'Algeria', N'Annaba')
, (N'Algeria', N'Batna')
, (N'Algeria', N'Bechar')
, (N'Algeria', N'Bejaia')
, (N'Algeria', N'Biskra')
, (N'Algeria', N'Blida')
, (N'Algeria', N'Bordj Bou Arreridj')
, (N'Algeria', N'Bouira')
, (N'Algeria', N'Boumerdes')
, (N'Algeria', N'Chlef')
, (N'Algeria', N'Constantine')
, (N'Algeria', N'Djelfa')
, (N'Algeria', N'El Bayadh')
, (N'Algeria', N'El Oued')
, (N'Algeria', N'El Tarf')
, (N'Algeria', N'Ghardaia')
, (N'Algeria', N'Guelma')
, (N'Algeria', N'Illizi')
, (N'Algeria', N'Jijel')
, (N'Algeria', N'Khenchela')
, (N'Algeria', N'Laghouat')
, (N'Algeria', N'Mascara')
, (N'Algeria', N'Medea')
, (N'Algeria', N'Mila')
, (N'Algeria', N'Mostaganem')
, (N'Algeria', N'M''Sila')
, (N'Algeria', N'Naama')
, (N'Algeria', N'Oran')
, (N'Algeria', N'Ouargla')
, (N'Algeria', N'Oum el Bouaghi')
, (N'Algeria', N'Relizane')
, (N'Algeria', N'Saida')
, (N'Algeria', N'Setif')
, (N'Algeria', N'Sidi Bel Abbes')
, (N'Algeria', N'Skikda')
, (N'Algeria', N'Souk Ahras')
, (N'Algeria', N'Tamanrasset')
, (N'Algeria', N'Tebessa')
, (N'Algeria', N'Tiaret')
, (N'Algeria', N'Tindouf')
, (N'Algeria', N'Tipaza')
, (N'Algeria', N'Tissemsilt')
, (N'Algeria', N'Tizi Ouzou')
, (N'Algeria', N'Tlemcen')
, (N'American Samoa', N'Eastern')
, (N'American Samoa', N'Manu''a')
, (N'American Samoa', N'Rose Island')
, (N'American Samoa', N'Swains Island')
, (N'American Samoa', N'Western')
, (N'Andorra', N'Andorra la Vella')
, (N'Andorra', N'Canillo')
, (N'Andorra', N'Encamp')
, (N'Andorra', N'Escaldes-Engordany')
, (N'Andorra', N'La Massana')
, (N'Andorra', N'Ordino')
, (N'Andorra', N'Sant Julia de Loria')
, (N'Angola', N'Bengo')
, (N'Angola', N'Benguela')
, (N'Angola', N'Bie')
, (N'Angola', N'Cabinda')
, (N'Angola', N'Cunene')
, (N'Angola', N'Huambo')
, (N'Angola', N'Huila')
, (N'Angola', N'Kwando Kubango')
, (N'Angola', N'Kwanza Norte')
, (N'Angola', N'Kwanza Sul')
, (N'Angola', N'Luanda')
, (N'Angola', N'Lunda Norte')
, (N'Angola', N'Lunda Sul')
, (N'Angola', N'Malanje')
, (N'Angola', N'Moxico')
, (N'Angola', N'Namibe')
, (N'Angola', N'Uige')
, (N'Angola', N'Zaire')
, (N'Anguilla', N'none (overseas territory of the UK')
, (N'Antigua and Barbuda', N'Barbuda')
, (N'Antigua and Barbuda', N'Redonda')
, (N'Antigua and Barbuda', N'Saint George')
, (N'Antigua and Barbuda', N'Saint John')
, (N'Antigua and Barbuda', N'Saint Mary')
, (N'Antigua and Barbuda', N'Saint Paul')
, (N'Antigua and Barbuda', N'Saint Peter')
, (N'Antigua and Barbuda', N'Saint Philip')
, (N'Argentina', N'Buenos Aires')
, (N'Argentina', N'Catamarca')
, (N'Argentina', N'Chaco')
, (N'Argentina', N'Chubut')
, (N'Argentina', N'Ciudad Autonoma de Buenos Aires')
, (N'Argentina', N'Cordoba')
, (N'Argentina', N'Corrientes')
, (N'Argentina', N'Entre Rios')
, (N'Argentina', N'Formosa')
, (N'Argentina', N'Jujuy')
, (N'Argentina', N'La Pampa')
, (N'Argentina', N'La Rioja')
, (N'Argentina', N'Mendoza')
, (N'Argentina', N'Misiones')
, (N'Argentina', N'Neuquen')
, (N'Argentina', N'Rio Negro')
, (N'Argentina', N'Salta')
, (N'Argentina', N'San Juan')
, (N'Argentina', N'San Luis')
, (N'Argentina', N'Santa Cruz')
, (N'Argentina', N'Santa Fe')
, (N'Argentina', N'Santiago del Estero')
, (N'Argentina', N'Tierra del Fuego - Antartida e Islas del Atlantico Sur (Tierra del Fuego - Antarctica and the South Atlantic Islands')
, (N'Argentina', N'Tucuman')
, (N'Armenia', N'Aragatsotn')
, (N'Armenia', N'Ararat')
, (N'Armenia', N'Armavir')
, (N'Armenia', N'Geghark''unik')
, (N'Armenia', N'Kotayk')
, (N'Armenia', N'Lorri')
, (N'Armenia', N'Shirak')
, (N'Armenia', N'Syunik')
, (N'Armenia', N'Tavush')
, (N'Armenia', N'Vayots'' Dzor')
, (N'Armenia', N'Yerevan')
, (N'Aruba', N'Curacao')
, (N'Aruba', N'and Sint Maarten')
, (N'Australia', N'Australian Capital Territory')
, (N'Australia', N'New South Wales')
, (N'Australia', N'Northern Territory')
, (N'Australia', N'Queensland')
, (N'Australia', N'South Australia')
, (N'Australia', N'Tasmania')
, (N'Australia', N'Victoria')
, (N'Australia', N'Western Australia')
, (N'Austria', N'Burgenland')
, (N'Austria', N'Kaernten (Carinthia')
, (N'Austria', N'Niederoesterreich (Lower Austria')
, (N'Austria', N'Oberoesterreich (Upper Austria')
, (N'Austria', N'Salzburg')
, (N'Austria', N'Steiermark (Styria')
, (N'Austria', N'Tirol (Tyrol')
, (N'Austria', N'Vorarlberg')
, (N'Austria', N'Wien (Vienna')
, (N'Azerbaijan', N'rayons: Abseron')
, (N'Azerbaijan', N'Agcabadi')
, (N'Azerbaijan', N'Agdam')
, (N'Azerbaijan', N'Agdas')
, (N'Azerbaijan', N'Agstafa')
, (N'Azerbaijan', N'Agsu')
, (N'Azerbaijan', N'Astara')
, (N'Azerbaijan', N'Babak')
, (N'Azerbaijan', N'Balakan')
, (N'Azerbaijan', N'Barda')
, (N'Azerbaijan', N'Beylaqan')
, (N'Azerbaijan', N'Bilasuvar')
, (N'Azerbaijan', N'Cabrayil')
, (N'Azerbaijan', N'Calilabad')
, (N'Azerbaijan', N'Culfa')
, (N'Azerbaijan', N'Daskasan')
, (N'Azerbaijan', N'Fuzuli')
, (N'Azerbaijan', N'Gadabay')
, (N'Azerbaijan', N'Goranboy')
, (N'Azerbaijan', N'Goycay')
, (N'Azerbaijan', N'Goygol')
, (N'Azerbaijan', N'Haciqabul')
, (N'Azerbaijan', N'Imisli')
, (N'Azerbaijan', N'Ismayilli')
, (N'Azerbaijan', N'Kalbacar')
, (N'Azerbaijan', N'Kangarli')
, (N'Azerbaijan', N'Kurdamir')
, (N'Azerbaijan', N'Lacin')
, (N'Azerbaijan', N'Lankaran')
, (N'Azerbaijan', N'Lerik')
, (N'Azerbaijan', N'Masalli')
, (N'Azerbaijan', N'Neftcala')
, (N'Azerbaijan', N'Oguz')
, (N'Azerbaijan', N'Ordubad')
, (N'Azerbaijan', N'Qabala')
, (N'Azerbaijan', N'Qax')
, (N'Azerbaijan', N'Qazax')
, (N'Azerbaijan', N'Qobustan')
, (N'Azerbaijan', N'Quba')
, (N'Azerbaijan', N'Qubadli')
, (N'Azerbaijan', N'Qusar')
, (N'Azerbaijan', N'Saatli')
, (N'Azerbaijan', N'Sabirabad')
, (N'Azerbaijan', N'Sabran')
, (N'Azerbaijan', N'Sadarak')
, (N'Azerbaijan', N'Sahbuz')
, (N'Azerbaijan', N'Saki')
, (N'Azerbaijan', N'Salyan')
, (N'Azerbaijan', N'Samaxi')
, (N'Azerbaijan', N'Samkir')
, (N'Azerbaijan', N'Samux')
, (N'Azerbaijan', N'Sarur')
, (N'Azerbaijan', N'Siyazan')
, (N'Azerbaijan', N'Susa')
, (N'Azerbaijan', N'Tartar')
, (N'Azerbaijan', N'Tovuz')
, (N'Azerbaijan', N'Ucar')
, (N'Azerbaijan', N'Xacmaz')
, (N'Azerbaijan', N'Xizi')
, (N'Azerbaijan', N'Xocali')
, (N'Azerbaijan', N'Xocavand')
, (N'Azerbaijan', N'Yardimli')
, (N'Azerbaijan', N'Yevlax')
, (N'Azerbaijan', N'Zangilan')
, (N'Azerbaijan', N'Zaqatala')
, (N'Azerbaijan', N'Ganca')
, (N'Azerbaijan', N'Mingacevir')
, (N'Azerbaijan', N'Naftalan')
, (N'Azerbaijan', N'Naxcivan (Nakhichevan')
, (N'Azerbaijan', N'Sirvan')
, (N'Azerbaijan', N'Sumqayit')
, (N'Azerbaijan', N'Xankandi')
, (N'Bahamas', N'Acklins Islands')
, (N'Bahamas', N'Berry Islands')
, (N'Bahamas', N'Bimini')
, (N'Bahamas', N'Black Point')
, (N'Bahamas', N'Cat Island')
, (N'Bahamas', N'Central Abaco')
, (N'Bahamas', N'Central Andros')
, (N'Bahamas', N'Central Eleuthera')
, (N'Bahamas', N'City of Freeport')
, (N'Bahamas', N'Crooked Island and Long Cay')
, (N'Bahamas', N'East Grand Bahama')
, (N'Bahamas', N'Exuma')
, (N'Bahamas', N'Grand Cay')
, (N'Bahamas', N'Harbour Island')
, (N'Bahamas', N'Hope Town')
, (N'Bahamas', N'Inagua')
, (N'Bahamas', N'Long Island')
, (N'Bahamas', N'Mangrove Cay')
, (N'Bahamas', N'Mayaguana')
, (N'Bahamas', N'Moore''s Island')
, (N'Bahamas', N'North Abaco')
, (N'Bahamas', N'North Andros')
, (N'Bahamas', N'North Eleuthera')
, (N'Bahamas', N'Ragged Island')
, (N'Bahamas', N'Rum Cay')
, (N'Bahamas', N'San Salvador')
, (N'Bahamas', N'South Abaco')
, (N'Bahamas', N'South Andros')
, (N'Bahamas', N'South Eleuthera')
, (N'Bahamas', N'Spanish Wells')
, (N'Bahamas', N'West Grand Bahama')
, (N'Bahrain', N'Asimah (Capital')
, (N'Bahrain', N'Janubiyah (Southern')
, (N'Bahrain', N'Muharraq')
, (N'Bahrain', N'Shamaliyah (Northern')
, (N'Bangladesh', N'Barisal')
, (N'Bangladesh', N'Chittagong')
, (N'Bangladesh', N'Dhaka')
, (N'Bangladesh', N'Khulna')
, (N'Bangladesh', N'Mymensingh')
, (N'Bangladesh', N'Rajshahi')
, (N'Bangladesh', N'Rangpur')
, (N'Bangladesh', N'Sylhet')
, (N'Barbados', N'Bridgetown')
, (N'Barbados', N'Christ Church')
, (N'Barbados', N'Saint Andrew')
, (N'Barbados', N'Saint George')
, (N'Barbados', N'Saint James')
, (N'Barbados', N'Saint John')
, (N'Barbados', N'Saint Joseph')
, (N'Barbados', N'Saint Lucy')
, (N'Barbados', N'Saint Michael')
, (N'Barbados', N'Saint Peter')
, (N'Barbados', N'Saint Philip')
, (N'Barbados', N'Saint Thomas')
, (N'Belarus', N'Brest')
, (N'Belarus', N'Homyel')
, (N'Belarus', N'Hrodna (Grodno')
, (N'Belarus', N'Mahilyow (Mogilev')
, (N'Belarus', N'Minsk')
, (N'Belarus', N'Vitsyebsk (Vitebsk')
, (N'Belgium', N'Walloon Region (Wallonia')
, (N'Belgium', N'Wallonie (French short form')
, (N'Belgium', N'Waals Gewest (Dutch long form')
, (N'Belgium', N'Wallonie (Dutch short form')
, (N'Belize', N'Belize')
, (N'Belize', N'Cayo')
, (N'Belize', N'Corozal')
, (N'Belize', N'Orange Walk')
, (N'Belize', N'Stann Creek')
, (N'Belize', N'Toledo')
, (N'Benin', N'Alibori')
, (N'Benin', N'Atacora')
, (N'Benin', N'Atlantique')
, (N'Benin', N'Borgou')
, (N'Benin', N'Collines')
, (N'Benin', N'Couffo')
, (N'Benin', N'Donga')
, (N'Benin', N'Littoral')
, (N'Benin', N'Mono')
, (N'Benin', N'Oueme')
, (N'Benin', N'Plateau')
, (N'Benin', N'Zou')
, (N'Bermuda', N'Devonshire')
, (N'Bermuda', N'Hamilton')
, (N'Bermuda', N'Paget')
, (N'Bermuda', N'Pembroke')
, (N'Bermuda', N'Saint George')
, (N'Bermuda', N'Saint George''s')
, (N'Bermuda', N'Sandys')
, (N'Bermuda', N'Smith''s')
, (N'Bermuda', N'Southampton')
, (N'Bermuda', N'Warwick')
, (N'Bhutan', N'Bumthang')
, (N'Bhutan', N'Chhukha')
, (N'Bhutan', N'Dagana')
, (N'Bhutan', N'Gasa')
, (N'Bhutan', N'Haa')
, (N'Bhutan', N'Lhuentse')
, (N'Bhutan', N'Mongar')
, (N'Bhutan', N'Paro')
, (N'Bhutan', N'Pemagatshel')
, (N'Bhutan', N'Punakha')
, (N'Bhutan', N'Samdrup Jongkhar')
, (N'Bhutan', N'Samtse')
, (N'Bhutan', N'Sarpang')
, (N'Bhutan', N'Thimphu')
, (N'Bhutan', N'Trashigang')
, (N'Bhutan', N'Trashi Yangtse')
, (N'Bhutan', N'Trongsa')
, (N'Bhutan', N'Tsirang')
, (N'Bhutan', N'Wangdue Phodrang')
, (N'Bhutan', N'Zhemgang')
, (N'Bolivia', N'Beni')
, (N'Bolivia', N'Chuquisaca')
, (N'Bolivia', N'Cochabamba')
, (N'Bolivia', N'La Paz')
, (N'Bolivia', N'Oruro')
, (N'Bolivia', N'Pando')
, (N'Bolivia', N'Potosi')
, (N'Bolivia', N'Santa Cruz')
, (N'Bolivia', N'Tarija')
, (N'Bosnia and Herzegovina', N'Federation of Bosnia and Herzegovina (Federacija Bosne i Hercegovine)')
, (N'Bosnia and Herzegovina', N'Republika Srpska')
, (N'Botswana', N'Central')
, (N'Botswana', N'Chobe')
, (N'Botswana', N'Francistown')
, (N'Botswana', N'Gaborone')
, (N'Botswana', N'Ghanzi')
, (N'Botswana', N'Jwaneng')
, (N'Botswana', N'Kgalagadi')
, (N'Botswana', N'Kgatleng')
, (N'Botswana', N'Kweneng')
, (N'Botswana', N'Lobatse')
, (N'Botswana', N'North East')
, (N'Botswana', N'North West')
, (N'Botswana', N'Selebi-Phikwe')
, (N'Botswana', N'South East')
, (N'Botswana', N'Southern')
, (N'Botswana', N'Sowa Town')
, (N'Brazil', N'Acre')
, (N'Brazil', N'Alagoas')
, (N'Brazil', N'Amapa')
, (N'Brazil', N'Amazonas')
, (N'Brazil', N'Bahia')
, (N'Brazil', N'Ceara')
, (N'Brazil', N'Distrito Federal')
, (N'Brazil', N'Espirito Santo')
, (N'Brazil', N'Goias')
, (N'Brazil', N'Maranhao')
, (N'Brazil', N'Mato Grosso')
, (N'Brazil', N'Mato Grosso do Sul')
, (N'Brazil', N'Minas Gerais')
, (N'Brazil', N'Para')
, (N'Brazil', N'Paraiba')
, (N'Brazil', N'Parana')
, (N'Brazil', N'Pernambuco')
, (N'Brazil', N'Piaui')
, (N'Brazil', N'Rio de Janeiro')
, (N'Brazil', N'Rio Grande do Norte')
, (N'Brazil', N'Rio Grande do Sul')
, (N'Brazil', N'Rondonia')
, (N'Brazil', N'Roraima')
, (N'Brazil', N'Santa Catarina')
, (N'Brazil', N'Sao Paulo')
, (N'Brazil', N'Sergipe')
, (N'Brazil', N'Tocantins')
, (N'British Virgin Islands', N'none (overseas territory of the UK')
, (N'Brunei', N'Belait')
, (N'Brunei', N'Brunei dan Muara')
, (N'Brunei', N'Temburong')
, (N'Brunei', N'Tutong')
, (N'Bulgaria', N'Blagoevgrad')
, (N'Bulgaria', N'Burgas')
, (N'Bulgaria', N'Dobrich')
, (N'Bulgaria', N'Gabrovo')
, (N'Bulgaria', N'Haskovo')
, (N'Bulgaria', N'Kardzhali')
, (N'Bulgaria', N'Kyustendil')
, (N'Bulgaria', N'Lovech')
, (N'Bulgaria', N'Montana')
, (N'Bulgaria', N'Pazardzhik')
, (N'Bulgaria', N'Pernik')
, (N'Bulgaria', N'Pleven')
, (N'Bulgaria', N'Plovdiv')
, (N'Bulgaria', N'Razgrad')
, (N'Bulgaria', N'Ruse')
, (N'Bulgaria', N'Shumen')
, (N'Bulgaria', N'Silistra')
, (N'Bulgaria', N'Sliven')
, (N'Bulgaria', N'Smolyan')
, (N'Bulgaria', N'Sofia')
, (N'Bulgaria', N'Sofia-Grad (Sofia City')
, (N'Bulgaria', N'Stara Zagora')
, (N'Bulgaria', N'Targovishte')
, (N'Bulgaria', N'Varna')
, (N'Bulgaria', N'Veliko Tarnovo')
, (N'Bulgaria', N'Vidin')
, (N'Bulgaria', N'Vratsa')
, (N'Bulgaria', N'Yambol')
, (N'Burkina Faso', N'Boucle du Mouhoun')
, (N'Burkina Faso', N'Cascades')
, (N'Burkina Faso', N'Centre')
, (N'Burkina Faso', N'Centre-Est')
, (N'Burkina Faso', N'Centre-Nord')
, (N'Burkina Faso', N'Centre-Ouest')
, (N'Burkina Faso', N'Centre-Sud')
, (N'Burkina Faso', N'Est')
, (N'Burkina Faso', N'Hauts-Bassins')
, (N'Burkina Faso', N'Nord')
, (N'Burkina Faso', N'Plateau-Central')
, (N'Burkina Faso', N'Sahel')
, (N'Burkina Faso', N'Sud-Ouest')
, (N'Burma', N'Ayeyarwady (Irrawaddy')
, (N'Burma', N'Bago')
, (N'Burma', N'Magway')
, (N'Burma', N'Mandalay')
, (N'Burma', N'Sagaing')
, (N'Burma', N'Tanintharyi')
, (N'Burma', N'Yangon (Rangoon)states: Chin')
, (N'Burma', N'Kachin')
, (N'Burma', N'Kayah')
, (N'Burma', N'Kayin')
, (N'Burma', N'Mon')
, (N'Burma', N'Rakhine')
, (N'Burma', N'Shanunion territory: Nay Pyi Taw')
, (N'Burundi', N'Bubanza')
, (N'Burundi', N'Bujumbura Mairie')
, (N'Burundi', N'Bujumbura Rural')
, (N'Burundi', N'Bururi')
, (N'Burundi', N'Cankuzo')
, (N'Burundi', N'Cibitoke')
, (N'Burundi', N'Gitega')
, (N'Burundi', N'Karuzi')
, (N'Burundi', N'Kayanza')
, (N'Burundi', N'Kirundo')
, (N'Burundi', N'Makamba')
, (N'Burundi', N'Muramvya')
, (N'Burundi', N'Muyinga')
, (N'Burundi', N'Mwaro')
, (N'Burundi', N'Ngozi')
, (N'Burundi', N'Rumonge')
, (N'Burundi', N'Rutana')
, (N'Burundi', N'Ruyigi');

insert into lesson1_db.coun_unit
values (N'Cabo Verde', N'Boa Vista')
, (N'Cabo Verde', N'Brava')
, (N'Cabo Verde', N'Maio')
, (N'Cabo Verde', N'Mosteiros')
, (N'Cabo Verde', N'Paul')
, (N'Cabo Verde', N'Porto Novo')
, (N'Cabo Verde', N'Praia')
, (N'Cabo Verde', N'Ribeira Brava')
, (N'Cabo Verde', N'Ribeira Grande')
, (N'Cabo Verde', N'Ribeira Grande de Santiago')
, (N'Cabo Verde', N'Sal')
, (N'Cabo Verde', N'Santa Catarina')
, (N'Cabo Verde', N'Santa Catarina do Fogo')
, (N'Cabo Verde', N'Santa Cruz')
, (N'Cabo Verde', N'Sao Domingos')
, (N'Cabo Verde', N'Sao Filipe')
, (N'Cabo Verde', N'Sao Lourenco dos Orgaos')
, (N'Cabo Verde', N'Sao Miguel')
, (N'Cabo Verde', N'Sao Salvador do Mundo')
, (N'Cabo Verde', N'Sao Vicente')
, (N'Cabo Verde', N'Tarrafal')
, (N'Cabo Verde', N'Tarrafal de Sao Nicolau')
, (N'Cambodia', N'24 provinces (khett')
, (N'Cambodia', N'Banteay Meanchey')
, (N'Cambodia', N'Battambang')
, (N'Cambodia', N'Kampong Cham')
, (N'Cambodia', N'Kampong Chhnang')
, (N'Cambodia', N'Kampong Speu')
, (N'Cambodia', N'Kampong Thom')
, (N'Cambodia', N'Kampot')
, (N'Cambodia', N'Kandal')
, (N'Cambodia', N'Kep')
, (N'Cambodia', N'Koh Kong')
, (N'Cambodia', N'Kratie')
, (N'Cambodia', N'Mondolkiri')
, (N'Cambodia', N'Oddar Meanchey')
, (N'Cambodia', N'Pailin')
, (N'Cambodia', N'Preah Sihanouk')
, (N'Cambodia', N'Preah Vihear')
, (N'Cambodia', N'Prey Veng')
, (N'Cambodia', N'Pursat')
, (N'Cambodia', N'Ratanakiri')
, (N'Cambodia', N'Siem Reap')
, (N'Cambodia', N'Stung Treng')
, (N'Cambodia', N'Svay Rieng')
, (N'Cambodia', N'Takeo')
, (N'Cambodia', N'Tbong Khmummunicipalities: Phnom Penh (Phnum Penh')
, (N'Cameroon', N'Adamaoua')
, (N'Cameroon', N'Centre')
, (N'Cameroon', N'East (Est')
, (N'Cameroon', N'Far North (Extreme-Nord')
, (N'Cameroon', N'Littoral')
, (N'Cameroon', N'North (Nord')
, (N'Cameroon', N'North-West (Nord-Ouest')
, (N'Cameroon', N'West (Ouest')
, (N'Cameroon', N'South (Sud')
, (N'Cameroon', N'South-West (Sud-Ouest')
, (N'Canada', N'Alberta')
, (N'Canada', N'British Columbia')
, (N'Canada', N'Manitoba')
, (N'Canada', N'New Brunswick')
, (N'Canada', N'Newfoundland and Labrador')
, (N'Canada', N'Northwest Territories')
, (N'Canada', N'Nova Scotia')
, (N'Canada', N'Nunavut')
, (N'Canada', N'Ontario')
, (N'Canada', N'Prince Edward Island')
, (N'Canada', N'Quebec')
, (N'Canada', N'Saskatchewan')
, (N'Canada', N'Yukon')
, (N'Cayman Islands', N'Bodden Town')
, (N'Cayman Islands', N'Cayman Brac and Little Cayman')
, (N'Cayman Islands', N'East End')
, (N'Cayman Islands', N'George Town')
, (N'Cayman Islands', N'North Side')
, (N'Cayman Islands', N'West Bay')
, (N'Central African Republic', N'Bamingui-Bangoran')
, (N'Central African Republic', N'Bangui')
, (N'Central African Republic', N'Basse-Kotto')
, (N'Central African Republic', N'Haute-Kotto')
, (N'Central African Republic', N'Haut-Mbomou')
, (N'Central African Republic', N'Kemo')
, (N'Central African Republic', N'Lobaye')
, (N'Central African Republic', N'Mambere-Kadei')
, (N'Central African Republic', N'Mbomou')
, (N'Central African Republic', N'Nana-Grebizi')
, (N'Central African Republic', N'Nana-Mambere')
, (N'Central African Republic', N'Ombella-Mpoko')
, (N'Central African Republic', N'Ouaka')
, (N'Central African Republic', N'Ouham')
, (N'Central African Republic', N'Ouham-Pende')
, (N'Central African Republic', N'Sangha-Mbaere')
, (N'Central African Republic', N'Vakaga')
, (N'Chad', N'Barh el Gazel')
, (N'Chad', N'Batha')
, (N'Chad', N'Borkou')
, (N'Chad', N'Chari-Baguirmi')
, (N'Chad', N'Ennedi-Est')
, (N'Chad', N'Ennedi-Ouest')
, (N'Chad', N'Guera')
, (N'Chad', N'Hadjer-Lamis')
, (N'Chad', N'Kanem')
, (N'Chad', N'Lac')
, (N'Chad', N'Logone Occidental')
, (N'Chad', N'Logone Oriental')
, (N'Chad', N'Mandoul')
, (N'Chad', N'Mayo-Kebbi Est')
, (N'Chad', N'Mayo-Kebbi Ouest')
, (N'Chad', N'Moyen-Chari')
, (N'Chad', N'Ouaddai')
, (N'Chad', N'Salamat')
, (N'Chad', N'Sila')
, (N'Chad', N'Tandjile')
, (N'Chad', N'Tibesti')
, (N'Chad', N'Ville de N''Djamena')
, (N'Chad', N'Wadi Fira')
, (N'Chile', N'Aysen')
, (N'Chile', N'Antofagasta')
, (N'Chile', N'Araucania')
, (N'Chile', N'Arica y Parinacota')
, (N'Chile', N'Atacama')
, (N'Chile', N'Biobio')
, (N'Chile', N'Coquimbo')
, (N'Chile', N'Libertador General Bernardo O''Higgins')
, (N'Chile', N'Los Lagos')
, (N'Chile', N'Los Rios')
, (N'Chile', N'Magallanes y de la Antartica Chilena (Magallanes and Chilean Antarctica')
, (N'Chile', N'Maule')
, (N'Chile', N'Nuble')
, (N'Chile', N'Region Metropolitana (Santiago')
, (N'Chile', N'Tarapaca')
, (N'Chile', N'Valparaiso')
, (N'China', N'Nei Mongol (Inner Mongolia')
, (N'China', N'Ningxia')
, (N'China', N'Xinjiang Uygur')
, (N'China', N'Xizang (Tibet)municipalities: Beijing')
, (N'China', N'Chongqing')
, (N'China', N'Shanghai')
, (N'China', N'Tianjin')
, (N'China', N'see separate entries for the special administrative regions of Hong Kong and Macau')
, (N'Christmas Island', N'none (territory of Australia')
, (N'Cocos (Keeling) Islands', N'none (territory of Australia')
, (N'Colombia', N'Amazonas')
, (N'Colombia', N'Antioquia')
, (N'Colombia', N'Arauca')
, (N'Colombia', N'Atlantico')
, (N'Colombia', N'Bogota')
, (N'Colombia', N'Bolivar')
, (N'Colombia', N'Boyaca')
, (N'Colombia', N'Caldas')
, (N'Colombia', N'Caqueta')
, (N'Colombia', N'Casanare')
, (N'Colombia', N'Cauca')
, (N'Colombia', N'Cesar')
, (N'Colombia', N'Choco')
, (N'Colombia', N'Cordoba')
, (N'Colombia', N'Cundinamarca')
, (N'Colombia', N'Guainia')
, (N'Colombia', N'Guaviare')
, (N'Colombia', N'Huila')
, (N'Colombia', N'La Guajira')
, (N'Colombia', N'Magdalena')
, (N'Colombia', N'Meta')
, (N'Colombia', N'Narino')
, (N'Colombia', N'Norte de Santander')
, (N'Colombia', N'Putumayo')
, (N'Colombia', N'Quindio')
, (N'Colombia', N'Risaralda')
, (N'Colombia', N'Archipielago de San Andres')
, (N'Colombia', N'Providencia y Santa Catalina (colloquially San Andres y Providencia')
, (N'Colombia', N'Santander')
, (N'Colombia', N'Sucre')
, (N'Colombia', N'Tolima')
, (N'Colombia', N'Valle del Cauca')
, (N'Colombia', N'Vaupes')
, (N'Colombia', N'Vichada')
, (N'Comoros', N'Anjouan (Ndzuwani')
, (N'Comoros', N'Grande Comore (N''gazidja')
, (N'Comoros', N'Moheli (Mwali')
, (N'Congo, Democratic Republic of the', N'Bas-Uele (Lower Uele')
, (N'Congo, Democratic Republic of the', N'Equateur')
, (N'Congo, Democratic Republic of the', N'Haut-Katanga (Upper Katanga')
, (N'Congo, Democratic Republic of the', N'Haut-Lomami (Upper Lomami')
, (N'Congo, Democratic Republic of the', N'Haut-Uele (Upper Uele')
, (N'Congo, Democratic Republic of the', N'Ituri')
, (N'Congo, Democratic Republic of the', N'Kasai')
, (N'Congo, Democratic Republic of the', N'Kasai-Central')
, (N'Congo, Democratic Republic of the', N'Kasai-Oriental (East Kasai')
, (N'Congo, Democratic Republic of the', N'Kinshasa')
, (N'Congo, Democratic Republic of the', N'Kongo Central')
, (N'Congo, Democratic Republic of the', N'Kwango')
, (N'Congo, Democratic Republic of the', N'Kwilu')
, (N'Congo, Democratic Republic of the', N'Lomami')
, (N'Congo, Democratic Republic of the', N'Lualaba')
, (N'Congo, Democratic Republic of the', N'Mai-Ndombe')
, (N'Congo, Democratic Republic of the', N'Maniema')
, (N'Congo, Democratic Republic of the', N'Mongala')
, (N'Congo, Democratic Republic of the', N'Nord-Kivu (North Kivu')
, (N'Congo, Democratic Republic of the', N'Nord-Ubangi (North Ubangi')
, (N'Congo, Democratic Republic of the', N'Sankuru')
, (N'Congo, Democratic Republic of the', N'Sud-Kivu (South Kivu')
, (N'Congo, Democratic Republic of the', N'Sud-Ubangi (South Ubangi')
, (N'Congo, Democratic Republic of the', N'Tanganyika')
, (N'Congo, Democratic Republic of the', N'Tshopo')
, (N'Congo, Democratic Republic of the', N'Tshuapa')
, (N'Congo, Republic of the', N'Bouenza')
, (N'Congo, Republic of the', N'Brazzaville')
, (N'Congo, Republic of the', N'Cuvette')
, (N'Congo, Republic of the', N'Cuvette-Ouest')
, (N'Congo, Republic of the', N'Kouilou')
, (N'Congo, Republic of the', N'Lekoumou')
, (N'Congo, Republic of the', N'Likouala')
, (N'Congo, Republic of the', N'Niari')
, (N'Congo, Republic of the', N'Plateaux')
, (N'Congo, Republic of the', N'Pointe-Noire')
, (N'Congo, Republic of the', N'Pool')
, (N'Congo, Republic of the', N'Sangha')
, (N'Cook Islands', N'none')
, (N'Costa Rica', N'Alajuela')
, (N'Costa Rica', N'Cartago')
, (N'Costa Rica', N'Guanacaste')
, (N'Costa Rica', N'Heredia')
, (N'Costa Rica', N'Limon')
, (N'Costa Rica', N'Puntarenas')
, (N'Costa Rica', N'San Jose')
, (N'Cote d''Ivoire', N'Abidjan')
, (N'Cote d''Ivoire', N'Bas-Sassandra')
, (N'Cote d''Ivoire', N'Comoe')
, (N'Cote d''Ivoire', N'Denguele')
, (N'Cote d''Ivoire', N'Goh-Djiboua')
, (N'Cote d''Ivoire', N'Lacs')
, (N'Cote d''Ivoire', N'Lagunes')
, (N'Cote d''Ivoire', N'Montagnes')
, (N'Cote d''Ivoire', N'Sassandra-Marahoue')
, (N'Cote d''Ivoire', N'Savanes')
, (N'Cote d''Ivoire', N'Vallee du Bandama')
, (N'Cote d''Ivoire', N'Woroba')
, (N'Cote d''Ivoire', N'Yamoussoukro')
, (N'Cote d''Ivoire', N'Zanzan')
, (N'Croatia', N'Bjelovarsko-Bilogorska (Bjelovar-Bilogora')
, (N'Croatia', N'Brodsko-Posavska (Brod-Posavina')
, (N'Croatia', N'Dubrovacko-Neretvanska (Dubrovnik-Neretva')
, (N'Croatia', N'Istarska (Istria')
, (N'Croatia', N'Karlovacka (Karlovac')
, (N'Croatia', N'Koprivnicko-Krizevacka (Koprivnica-Krizevci')
, (N'Croatia', N'Krapinsko-Zagorska (Krapina-Zagorje')
, (N'Croatia', N'Licko-Senjska (Lika-Senj')
, (N'Croatia', N'Medimurska (Medimurje')
, (N'Croatia', N'Osjecko-Baranjska (Osijek-Baranja')
, (N'Croatia', N'Pozesko-Slavonska (Pozega-Slavonia')
, (N'Croatia', N'Primorsko-Goranska (Primorje-Gorski Kotar')
, (N'Croatia', N'Sibensko-Kninska (Sibenik-Knin')
, (N'Croatia', N'Sisacko-Moslavacka (Sisak-Moslavina')
, (N'Croatia', N'Splitsko-Dalmatinska (Split-Dalmatia')
, (N'Croatia', N'Varazdinska (Varazdin')
, (N'Croatia', N'Viroviticko-Podravska (Virovitica-Podravina')
, (N'Croatia', N'Vukovarsko-Srijemska (Vukovar-Syrmia')
, (N'Croatia', N'Zadarska (Zadar')
, (N'Croatia', N'Zagreb')
, (N'Croatia', N'Zagrebacka (Zagreb county')
, (N'Cuba', N'Artemisa')
, (N'Cuba', N'Camaguey')
, (N'Cuba', N'Ciego de Avila')
, (N'Cuba', N'Cienfuegos')
, (N'Cuba', N'Granma')
, (N'Cuba', N'Guantanamo')
, (N'Cuba', N'Holguin')
, (N'Cuba', N'Isla de la Juventud')
, (N'Cuba', N'La Habana')
, (N'Cuba', N'Las Tunas')
, (N'Cuba', N'Matanzas')
, (N'Cuba', N'Mayabeque')
, (N'Cuba', N'Pinar del Rio')
, (N'Cuba', N'Sancti Spiritus')
, (N'Cuba', N'Santiago de Cuba')
, (N'Cuba', N'Villa Clara')
, (N'Curacao', N'none (part of the Kingdom of the Netherlands')
, (N'Curacao', N'the other three are the Netherlands')
, (N'Curacao', N'Aruba')
, (N'Curacao', N'and Sint Maarten')
, (N'Cyprus', N'Girne (Kyrenia')
, (N'Cyprus', N'Guzelyurt (Morphou')
, (N'Cyprus', N'Iskele (Trikomo')
, (N'Cyprus', N'Lefkosa (Nicosia')
, (N'Czech Republic', N'Jihocesky (South Bohemia')
, (N'Czech Republic', N'Jihomoravsky (South Moravia')
, (N'Czech Republic', N'Karlovarsky (Karlovy Vary')
, (N'Czech Republic', N'Kralovehradecky (Hradec Kralove')
, (N'Czech Republic', N'Liberecky (Liberec')
, (N'Czech Republic', N'Moravskoslezsky (Moravia-Silesia')
, (N'Czech Republic', N'Olomoucky (Olomouc')
, (N'Czech Republic', N'Pardubicky (Pardubice')
, (N'Czech Republic', N'Plzensky (Pilsen')
, (N'Czech Republic', N'Praha (Prague')
, (N'Czech Republic', N'Stredocesky (Central Bohemia')
, (N'Czech Republic', N'Ustecky (Usti')
, (N'Czech Republic', N'Vysocina (Highlands')
, (N'Czech Republic', N'Zlinsky (Zlin')
, (N'Denmark', N'Hovedstaden (Capital')
, (N'Denmark', N'Midtjylland (Central Jutland')
, (N'Denmark', N'Nordjylland (North Jutland')
, (N'Denmark', N'Sjaelland (Zealand')
, (N'Denmark', N'Syddanmark (Southern Denmark')
, (N'Djibouti', N'Ali Sabieh')
, (N'Djibouti', N'Arta')
, (N'Djibouti', N'Dikhil')
, (N'Djibouti', N'Djibouti')
, (N'Djibouti', N'Obock')
, (N'Djibouti', N'Tadjourah')
, (N'Dominica', N'Saint Andrew')
, (N'Dominica', N'Saint David')
, (N'Dominica', N'Saint George')
, (N'Dominica', N'Saint John')
, (N'Dominica', N'Saint Joseph')
, (N'Dominica', N'Saint Luke')
, (N'Dominica', N'Saint Mark')
, (N'Dominica', N'Saint Patrick')
, (N'Dominica', N'Saint Paul')
, (N'Dominica', N'Saint Peter')
, (N'Dominican Republic', N'Cibao Nordeste')
, (N'Dominican Republic', N'Cibao Noroeste')
, (N'Dominican Republic', N'Cibao Norte')
, (N'Dominican Republic', N'Cibao Sur')
, (N'Dominican Republic', N'El Valle')
, (N'Dominican Republic', N'Enriquillo')
, (N'Dominican Republic', N'Higuamo')
, (N'Dominican Republic', N'Ozama')
, (N'Dominican Republic', N'Valdesia')
, (N'Dominican Republic', N'Yuma')
, (N'East Timor', N'none')
, (N'Ecuador', N'Azuay')
, (N'Ecuador', N'Bolivar')
, (N'Ecuador', N'Canar')
, (N'Ecuador', N'Carchi')
, (N'Ecuador', N'Chimborazo')
, (N'Ecuador', N'Cotopaxi')
, (N'Ecuador', N'El Oro')
, (N'Ecuador', N'Esmeraldas')
, (N'Ecuador', N'Galapagos')
, (N'Ecuador', N'Guayas')
, (N'Ecuador', N'Imbabura')
, (N'Ecuador', N'Loja')
, (N'Ecuador', N'Los Rios')
, (N'Ecuador', N'Manabi')
, (N'Ecuador', N'Morona-Santiago')
, (N'Ecuador', N'Napo')
, (N'Ecuador', N'Orellana')
, (N'Ecuador', N'Pastaza')
, (N'Ecuador', N'Pichincha')
, (N'Ecuador', N'Santa Elena')
, (N'Ecuador', N'Santo Domingo de los Tsachilas')
, (N'Ecuador', N'Sucumbios')
, (N'Ecuador', N'Tungurahua')
, (N'Ecuador', N'Zamora-Chinchipe')
, (N'Egypt', N'Ad Daqahliyah')
, (N'Egypt', N'Al Bahr al Ahmar (Red Sea')
, (N'Egypt', N'Al Buhayrah')
, (N'Egypt', N'Al Fayyum')
, (N'Egypt', N'Al Gharbiyah')
, (N'Egypt', N'Al Iskandariyah (Alexandria')
, (N'Egypt', N'Al Isma''iliyah (Ismailia')
, (N'Egypt', N'Al Jizah (Giza')
, (N'Egypt', N'Al Minufiyah')
, (N'Egypt', N'Al Minya')
, (N'Egypt', N'Al Qahirah (Cairo')
, (N'Egypt', N'Al Qalyubiyah')
, (N'Egypt', N'Al Uqsur (Luxor')
, (N'Egypt', N'Al Wadi al Jadid (New Valley')
, (N'Egypt', N'As Suways (Suez')
, (N'Egypt', N'Ash Sharqiyah')
, (N'Egypt', N'Aswan')
, (N'Egypt', N'Asyut')
, (N'Egypt', N'Bani Suwayf')
, (N'Egypt', N'Bur Sa''id (Port Said')
, (N'Egypt', N'Dumyat (Damietta')
, (N'Egypt', N'Janub Sina'' (South Sinai')
, (N'Egypt', N'Kafr ash Shaykh')
, (N'Egypt', N'Matruh')
, (N'Egypt', N'Qina')
, (N'Egypt', N'Shamal Sina'' (North Sinai')
, (N'Egypt', N'Suhaj')
, (N'El Salvador', N'Ahuachapan')
, (N'El Salvador', N'Cabanas')
, (N'El Salvador', N'Chalatenango')
, (N'El Salvador', N'Cuscatlan')
, (N'El Salvador', N'La Libertad')
, (N'El Salvador', N'La Paz')
, (N'El Salvador', N'La Union')
, (N'El Salvador', N'Morazan')
, (N'El Salvador', N'San Miguel')
, (N'El Salvador', N'San Salvador')
, (N'El Salvador', N'San Vicente')
, (N'El Salvador', N'Santa Ana')
, (N'El Salvador', N'Sonsonate')
, (N'El Salvador', N'Usulutan')
, (N'Equatorial Guinea', N'Annobon')
, (N'Equatorial Guinea', N'Bioko Norte')
, (N'Equatorial Guinea', N'Bioko Sur')
, (N'Equatorial Guinea', N'Centro Sur')
, (N'Equatorial Guinea', N'Kie-Ntem')
, (N'Equatorial Guinea', N'Litoral')
, (N'Equatorial Guinea', N'Wele-Nzas')
, (N'Eritrea', N'Anseba')
, (N'Eritrea', N'Debub (South')
, (N'Eritrea', N'Debubawi K''eyih Bahri (Southern Red Sea')
, (N'Eritrea', N'Gash Barka')
, (N'Eritrea', N'Ma''akel (Central')
, (N'Eritrea', N'Semenawi K''eyih Bahri (Northern Red Sea')
, (N'Estonia', N'Harjumaa (Tallinn')
, (N'Estonia', N'Hiiumaa (Kardla')
, (N'Estonia', N'Ida-Virumaa (Johvi')
, (N'Estonia', N'Jarvamaa (Paide')
, (N'Estonia', N'Jogevamaa (Jogeva')
, (N'Estonia', N'Laanemaa (Haapsalu')
, (N'Estonia', N'Laane-Virumaa (Rakvere')
, (N'Estonia', N'Parnumaa (Parnu')
, (N'Estonia', N'Polvamaa (Polva')
, (N'Estonia', N'Raplamaa (Rapla')
, (N'Estonia', N'Saaremaa (Kuressaare')
, (N'Estonia', N'Tartumaa (Tartu')
, (N'Estonia', N'Valgamaa (Valga')
, (N'Estonia', N'Viljandimaa (Viljandi')
, (N'Estonia', N'Vorumaa (Voru')
, (N'Eswatini', N'Hhohho')
, (N'Eswatini', N'Lubombo')
, (N'Eswatini', N'Manzini')
, (N'Eswatini', N'Shiselweni')
, (N'Ethiopia', N'Adis Abeba (Addis Ababa')
, (N'Ethiopia', N'Afar')
, (N'Ethiopia', N'Amara (Amhara')
, (N'Ethiopia', N'Binshangul Gumuz')
, (N'Ethiopia', N'Dire Dawa')
, (N'Ethiopia', N'Gambela Hizboch (Gambela Peoples')
, (N'Ethiopia', N'Hareri Hizb (Harari People')
, (N'Ethiopia', N'Oromiya (Oromia')
, (N'Ethiopia', N'Sumale (Somali')
, (N'Ethiopia', N'Tigray')
, (N'Ethiopia', N'Ye Debub Biheroch Bihereseboch na Hizboch (Southern Nations')
, (N'Faroe Islands', N'Eystur')
, (N'Faroe Islands', N'Famjins')
, (N'Faroe Islands', N'Fuglafjardhar')
, (N'Faroe Islands', N'Fugloyar')
, (N'Faroe Islands', N'Hovs')
, (N'Faroe Islands', N'Husavikar')
, (N'Faroe Islands', N'Hvalbiar')
, (N'Faroe Islands', N'Hvannasunds')
, (N'Faroe Islands', N'Klaksvikar')
, (N'Faroe Islands', N'Kunoyar')
, (N'Faroe Islands', N'Kvivik')
, (N'Faroe Islands', N'Nes')
, (N'Faroe Islands', N'Porkeris')
, (N'Faroe Islands', N'Runavikar')
, (N'Faroe Islands', N'Sands')
, (N'Faroe Islands', N'Sjovar')
, (N'Faroe Islands', N'Skalavikar')
, (N'Faroe Islands', N'Skopunar')
, (N'Faroe Islands', N'Skuvoyar')
, (N'Faroe Islands', N'Sorvags')
, (N'Faroe Islands', N'Sumbiar')
, (N'Faroe Islands', N'Sunda')
, (N'Faroe Islands', N'Torshavnar')
, (N'Faroe Islands', N'Tvoroyrar')
, (N'Faroe Islands', N'Vaga')
, (N'Faroe Islands', N'Vags')
, (N'Faroe Islands', N'Vestmanna')
, (N'Faroe Islands', N'Vidhareidhis')
, (N'Fiji', N'Ba')
, (N'Fiji', N'Bua')
, (N'Fiji', N'Cakaudrove')
, (N'Fiji', N'Kadavu')
, (N'Fiji', N'Lau')
, (N'Fiji', N'Lomaiviti')
, (N'Fiji', N'Macuata')
, (N'Fiji', N'Nadroga and Navosa')
, (N'Fiji', N'Naitasiri')
, (N'Fiji', N'Namosi')
, (N'Fiji', N'Ra')
, (N'Fiji', N'Rewa')
, (N'Fiji', N'Rotuma')
, (N'Fiji', N'Serua')
, (N'Fiji', N'Tailevu')
, (N'Finland', N'Varsinais-Suomi (Finnish')
, (N'Finland', N'Egentliga Finland (Swedish) [Southwest Finland')
, (N'France', N'Auvergne-Rhone-Alpes')
, (N'France', N'Bourgogne-Franche-Comte (Burgundy-Free County')
, (N'France', N'Bretagne (Brittany')
, (N'France', N'Centre-Val de Loire (Center-Loire Valley')
, (N'France', N'Corse (Corsica')
, (N'France', N'Grand Est (Grand East')
, (N'France', N'Guadeloupe')
, (N'France', N'Guyane (French Guiana')
, (N'France', N'Hauts-de-France (Upper France')
, (N'France', N'Ile-de-France')
, (N'France', N'Martinique')
, (N'France', N'Mayotte')
, (N'France', N'Normandie (Normandy')
, (N'France', N'Nouvelle-Aquitaine (New Aquitaine')
, (N'France', N'Occitanie (Occitania')
, (N'France', N'Pays de la Loire (Lands of the Loire')
, (N'France', N'Provence-Alpes-Cote d''Azur')
, (N'France', N'Reunion')
, (N'France', N'Martinique')
, (N'France', N'Mayotte')
, (N'French Southern and Antarctic Lands', N'Adelie Land')
, (N'Gabon', N'Estuaire')
, (N'Gabon', N'Haut-Ogooue')
, (N'Gabon', N'Moyen-Ogooue')
, (N'Gabon', N'Ngounie')
, (N'Gabon', N'Nyanga')
, (N'Gabon', N'Ogooue-Ivindo')
, (N'Gabon', N'Ogooue-Lolo')
, (N'Gabon', N'Ogooue-Maritime')
, (N'Gabon', N'Woleu-Ntem')
, (N'Gambia', N'Banjul')
, (N'Gambia', N'Central River')
, (N'Gambia', N'Kanifing')
, (N'Gambia', N'Lower River')
, (N'Gambia', N'North Bank')
, (N'Gambia', N'Upper River')
, (N'Gambia', N'West Coast')
, (N'Germany', N'Sachsen')
, (N'Georgia', N'Guria')
, (N'Georgia', N'Imereti')
, (N'Georgia', N'Kakheti')
, (N'Georgia', N'Kvemo Kartli')
, (N'Georgia', N'Mtskheta Mtianeti')
, (N'Georgia', N'Samegrelo and Zemo Svaneti')
, (N'Georgia', N'Samtskhe-Javakheti')
, (N'Georgia', N'Shida Kartli')
, (N'Georgia', N'Racha-Lechkhumi')
, (N'Georgia', N'Kvemo Svaneti')
, (N'Georgia', N'Mtskheta-Mtianeti')
, (N'Georgia', N'Abkhazia')
, (N'Georgia', N'Ajaria ');

insert into lesson1_db.coun_unit
values (N'Ghana', N'Ahafo')
, (N'Ghana', N'Ashanti')
, (N'Ghana', N'Bono')
, (N'Ghana', N'Bono East')
, (N'Ghana', N'Central')
, (N'Ghana', N'Eastern')
, (N'Ghana', N'Greater Accra')
, (N'Ghana', N'North East')
, (N'Ghana', N'Northern')
, (N'Ghana', N'Oti')
, (N'Ghana', N'Savannah')
, (N'Ghana', N'Upper East')
, (N'Ghana', N'Upper West')
, (N'Ghana', N'Volta')
, (N'Ghana', N'Western')
, (N'Ghana', N'Western North')
, (N'Gibraltar', N'none (overseas territory of the UK')
, (N'Greece', N'Agion Oros (Mount Athos')
, (N'Greece', N'Anatoliki Makedonia kai Thraki (East Macedonia and Thrace')
, (N'Greece', N'Attiki (Attica')
, (N'Greece', N'Dytiki Ellada (West Greece')
, (N'Greece', N'Dytiki Makedonia (West Macedonia')
, (N'Greece', N'Ionia Nisia (Ionian Islands')
, (N'Greece', N'Ipeiros (Epirus')
, (N'Greece', N'Kentriki Makedonia (Central Macedonia')
, (N'Greece', N'Kriti (Crete')
, (N'Greece', N'Notio Aigaio (South Aegean')
, (N'Greece', N'Peloponnisos (Peloponnese')
, (N'Greece', N'Sterea Ellada (Central Greece')
, (N'Greece', N'Thessalia (Thessaly')
, (N'Greece', N'Voreio Aigaio (North Aegean')
, (N'Greenland', N'Avannaata')
, (N'Greenland', N'Kujalleq')
, (N'Greenland', N'Qeqertalik')
, (N'Greenland', N'Qeqqata')
, (N'Greenland', N'Sermersooq')
, (N'Greenland', N'the national park''s 972')
, (N'Grenada', N'Carriacou and Petite Martinique')
, (N'Grenada', N'Saint Andrew')
, (N'Grenada', N'Saint David')
, (N'Grenada', N'Saint George')
, (N'Grenada', N'Saint John')
, (N'Grenada', N'Saint Mark')
, (N'Grenada', N'Saint Patrick')
, (N'Guam', N'none (territory of the US')
, (N'Guatemala', N'Alta Verapaz')
, (N'Guatemala', N'Baja Verapaz')
, (N'Guatemala', N'Chimaltenango')
, (N'Guatemala', N'Chiquimula')
, (N'Guatemala', N'El Progreso')
, (N'Guatemala', N'Escuintla')
, (N'Guatemala', N'Guatemala')
, (N'Guatemala', N'Huehuetenango')
, (N'Guatemala', N'Izabal')
, (N'Guatemala', N'Jalapa')
, (N'Guatemala', N'Jutiapa')
, (N'Guatemala', N'Peten')
, (N'Guatemala', N'Quetzaltenango')
, (N'Guatemala', N'Quiche')
, (N'Guatemala', N'Retalhuleu')
, (N'Guatemala', N'Sacatepequez')
, (N'Guatemala', N'San Marcos')
, (N'Guatemala', N'Santa Rosa')
, (N'Guatemala', N'Solola')
, (N'Guatemala', N'Suchitepequez')
, (N'Guatemala', N'Totonicapan')
, (N'Guatemala', N'Zacapa')
, (N'Guernsey', N'Castel')
, (N'Guernsey', N'Forest')
, (N'Guernsey', N'Saint Andrew')
, (N'Guernsey', N'Saint Martin')
, (N'Guernsey', N'Saint Peter Port')
, (N'Guernsey', N'Saint Pierre du Bois')
, (N'Guernsey', N'Saint Sampson')
, (N'Guernsey', N'Saint Saviour')
, (N'Guernsey', N'Torteval')
, (N'Guernsey', N'Vale')
, (N'Guinea', N'Boke')
, (N'Guinea', N'Conakry')
, (N'Guinea', N'Faranah')
, (N'Guinea', N'Kankan')
, (N'Guinea', N'Kindia')
, (N'Guinea', N'Labe')
, (N'Guinea', N'Mamou')
, (N'Guinea', N'N''Zerekore')
, (N'Guinea-Bissau', N'Bafata')
, (N'Guinea-Bissau', N'Biombo')
, (N'Guinea-Bissau', N'Bissau')
, (N'Guinea-Bissau', N'Bolama/Bijagos')
, (N'Guinea-Bissau', N'Cacheu')
, (N'Guinea-Bissau', N'Gabu')
, (N'Guinea-Bissau', N'Oio')
, (N'Guinea-Bissau', N'Quinara')
, (N'Guinea-Bissau', N'Tombali')
, (N'Guyana', N'Barima-Waini')
, (N'Guyana', N'Cuyuni-Mazaruni')
, (N'Guyana', N'Demerara-Mahaica')
, (N'Guyana', N'East Berbice-Corentyne')
, (N'Guyana', N'Essequibo Islands-West Demerara')
, (N'Guyana', N'Mahaica-Berbice')
, (N'Guyana', N'Pomeroon-Supenaam')
, (N'Guyana', N'Potaro-Siparuni')
, (N'Guyana', N'Upper Demerara-Berbice')
, (N'Guyana', N'Upper Takutu-Upper Essequibo')
, (N'Haiti', N'Artibonite')
, (N'Haiti', N'Centre')
, (N'Haiti', N'Grand''Anse')
, (N'Haiti', N'Nippes')
, (N'Haiti', N'Nord')
, (N'Haiti', N'Nord-Est')
, (N'Haiti', N'Nord-Ouest')
, (N'Haiti', N'Ouest')
, (N'Haiti', N'Sud')
, (N'Haiti', N'Sud-Est')
, (N'Haiti', N'Sud-Est')
, (N'Honduras', N'Atlantida')
, (N'Honduras', N'Choluteca')
, (N'Honduras', N'Colon')
, (N'Honduras', N'Comayagua')
, (N'Honduras', N'Copan')
, (N'Honduras', N'Cortes')
, (N'Honduras', N'El Paraiso')
, (N'Honduras', N'Francisco Morazan')
, (N'Honduras', N'Gracias a Dios')
, (N'Honduras', N'Intibuca')
, (N'Honduras', N'Islas de la Bahia')
, (N'Honduras', N'La Paz')
, (N'Honduras', N'Lempira')
, (N'Honduras', N'Ocotepeque')
, (N'Honduras', N'Olancho')
, (N'Honduras', N'Santa Barbara')
, (N'Honduras', N'Valle')
, (N'Honduras', N'Yoro')
, (N'Hong Kong', N'none (special administrative region of the People''s Republic of China')
, (N'Hungary', N'Bacs-Kiskun')
, (N'Hungary', N'Baranya')
, (N'Hungary', N'Bekes')
, (N'Hungary', N'Borsod-Abauj-Zemplen')
, (N'Hungary', N'Csongrad')
, (N'Hungary', N'Fejer')
, (N'Hungary', N'Gyor-Moson-Sopron')
, (N'Hungary', N'Hajdu-Bihar')
, (N'Hungary', N'Heves')
, (N'Hungary', N'Jasz-Nagykun-Szolnok')
, (N'Hungary', N'Komarom-Esztergom')
, (N'Hungary', N'Nograd')
, (N'Hungary', N'Pest')
, (N'Hungary', N'Somogy')
, (N'Hungary', N'Szabolcs-Szatmar-Bereg')
, (N'Hungary', N'Tolna')
, (N'Hungary', N'Vas')
, (N'Hungary', N'Zala');

insert into lesson1_db.coun_unit
values (N'Iceland', N'Akrahreppur')
, (N'Iceland', N'Akraneskaupstadhur')
, (N'Iceland', N'Akureyrarkaupstadhur')
, (N'Iceland', N'Arneshreppur')
, (N'Iceland', N'Asahreppur')
, (N'Iceland', N'Blaskogabyggdh')
, (N'Iceland', N'Blonduosbaer')
, (N'Iceland', N'Bolungarvikurkaupstadhur')
, (N'Iceland', N'Borgarbyggdh')
, (N'Iceland', N'Borgarfjardharhreppur')
, (N'Iceland', N'Breidhdalshreppur')
, (N'Iceland', N'Dalabyggdh')
, (N'Iceland', N'Dalvikurbyggdh')
, (N'Iceland', N'Djupavogshreppur')
, (N'Iceland', N'Eyjafjardharsveit')
, (N'Iceland', N'Eyja-og Miklaholtshreppur')
, (N'Iceland', N'Fjallabyggdh')
, (N'Iceland', N'Fjardhabyggdh')
, (N'Iceland', N'Fljotsdalsheradh')
, (N'Iceland', N'Fljotsdalshreppur')
, (N'Iceland', N'Floahreppur')
, (N'Iceland', N'Gardhabaer')
, (N'Iceland', N'Grimsnes-og Grafningshreppur')
, (N'Iceland', N'Grindavikurbaer')
, (N'Iceland', N'Grundarfjardharbaer')
, (N'Iceland', N'Grytubakkahreppur')
, (N'Iceland', N'Hafnarfjardharkaupstadhur')
, (N'Iceland', N'Helgafellssveit')
, (N'Iceland', N'Horgarsveit')
, (N'Iceland', N'Hrunamannahreppur')
, (N'Iceland', N'Hunathing Vestra')
, (N'Iceland', N'Hunavatnshreppur')
, (N'Iceland', N'Hvalfjardharsveit')
, (N'Iceland', N'Hveragerdhisbaer')
, (N'Iceland', N'Isafjardharbaer')
, (N'Iceland', N'Kaldrananeshreppur')
, (N'Iceland', N'Kjosarhreppur')
, (N'Iceland', N'Kopavogsbaer')
, (N'Iceland', N'Langanesbyggdh')
, (N'Iceland', N'Mosfellsbaer')
, (N'Iceland', N'Myrdalshreppur')
, (N'Iceland', N'Nordhurthing')
, (N'Iceland', N'Rangarthing Eystra')
, (N'Iceland', N'Rangarthing Ytra')
, (N'Iceland', N'Reykholahreppur')
, (N'Iceland', N'Reykjanesbaer')
, (N'Iceland', N'Reykjavikurborg')
, (N'Iceland', N'Sandgerdhisbaer')
, (N'Iceland', N'Seltjarnarnesbaer')
, (N'Iceland', N'Seydhisfjardharkaupstadhur')
, (N'Iceland', N'Skaftarhreppur')
, (N'Iceland', N'Skagabyggdh')
, (N'Iceland', N'Skeidha-og Gnupverjahreppur')
, (N'Iceland', N'Skorradalshreppur')
, (N'Iceland', N'Skutustadhahreppur')
, (N'Iceland', N'Snaefellsbaer')
, (N'Iceland', N'Strandabyggdh')
, (N'Iceland', N'Stykkisholmsbaer')
, (N'Iceland', N'Sudhavikurhreppur')
, (N'Iceland', N'Svalbardhshreppur')
, (N'Iceland', N'Svalbardhsstrandarhreppur')
, (N'Iceland', N'Sveitarfelagidh Arborg')
, (N'Iceland', N'Sveitarfelagidh Gardhur')
, (N'Iceland', N'Sveitarfelagidh Hornafjordhur')
, (N'Iceland', N'Sveitarfelagidh Olfus')
, (N'Iceland', N'Sveitarfelagidh Skagafjordhur')
, (N'Iceland', N'Sveitarfelagidh Skagastrond')
, (N'Iceland', N'Sveitarfelagidh Vogar')
, (N'Iceland', N'Talknafjardharhreppur')
, (N'Iceland', N'Thingeyjarsveit')
, (N'Iceland', N'Tjorneshreppur')
, (N'Iceland', N'Vestmannaeyjabaer')
, (N'Iceland', N'Vesturbyggdh')
, (N'Iceland', N'Vopnafjardharhreppur')
, (N'India', N'Andaman and Nicobar Islands')
, (N'India', N'Andhra Pradesh')
, (N'India', N'Arunachal Pradesh')
, (N'India', N'Assam')
, (N'India', N'Bihar')
, (N'India', N'Chandigarh')
, (N'India', N'Chhattisgarh')
, (N'India', N'Dadra and Nagar Haveli and Daman and Diu')
, (N'India', N'Delhi')
, (N'India', N'Goa')
, (N'India', N'Gujarat')
, (N'India', N'Haryana')
, (N'India', N'Himachal Pradesh')
, (N'India', N'Jammu and Kashmir')
, (N'India', N'Jharkhand')
, (N'India', N'Karnataka')
, (N'India', N'Kerala')
, (N'India', N'Ladakh')
, (N'India', N'Lakshadweep')
, (N'India', N'Madhya Pradesh')
, (N'India', N'Maharashtra')
, (N'India', N'Manipur')
, (N'India', N'Meghalaya')
, (N'India', N'Mizoram')
, (N'India', N'Nagaland')
, (N'India', N'Odisha')
, (N'India', N'Puducherry')
, (N'India', N'Punjab')
, (N'India', N'Rajasthan')
, (N'India', N'Sikkim')
, (N'India', N'Tamil Nadu')
, (N'India', N'Telangana')
, (N'India', N'Tripura')
, (N'India', N'Uttar Pradesh')
, (N'India', N'Uttarakhand')
, (N'India', N'West Bengal')
, (N'Indonesia', N'Aceh')
, (N'Indonesia', N'Bali')
, (N'Indonesia', N'Banten')
, (N'Indonesia', N'Bengkulu')
, (N'Indonesia', N'Gorontalo')
, (N'Indonesia', N'Jakarta')
, (N'Indonesia', N'Jambi')
, (N'Indonesia', N'Jawa Barat (West Java')
, (N'Indonesia', N'Jawa Tengah (Central Java')
, (N'Indonesia', N'Jawa Timur (East Java')
, (N'Indonesia', N'Kalimantan Barat (West Kalimantan')
, (N'Indonesia', N'Kalimantan Selatan (South Kalimantan')
, (N'Indonesia', N'Kalimantan Tengah (Central Kalimantan')
, (N'Indonesia', N'Kalimantan Timur (East Kalimantan')
, (N'Indonesia', N'Kalimantan Utara (North Kalimantan')
, (N'Indonesia', N'Kepulauan Bangka Belitung (Bangka Belitung Islands')
, (N'Indonesia', N'Kepulauan Riau (Riau Islands')
, (N'Indonesia', N'Lampung')
, (N'Indonesia', N'Maluku')
, (N'Indonesia', N'Maluku Utara (North Maluku')
, (N'Indonesia', N'Nusa Tenggara Barat (West Nusa Tenggara')
, (N'Indonesia', N'Nusa Tenggara Timur (East Nusa Tenggara')
, (N'Indonesia', N'Papua')
, (N'Indonesia', N'Papua Barat (West Papua')
, (N'Indonesia', N'Riau')
, (N'Indonesia', N'Sulawesi Barat (West Sulawesi')
, (N'Indonesia', N'Sulawesi Selatan (South Sulawesi')
, (N'Indonesia', N'Sulawesi Tengah (Central Sulawesi')
, (N'Indonesia', N'Sulawesi Tenggara (Southeast Sulawesi')
, (N'Indonesia', N'Sulawesi Utara (North Sulawesi')
, (N'Indonesia', N'Sumatera Barat (West Sumatra')
, (N'Indonesia', N'Sumatera Selatan (South Sumatra')
, (N'Indonesia', N'Sumatera Utara (North Sumatra')
, (N'Indonesia', N'Yogyakarta')
, (N'Iran', N'Alborz')
, (N'Iran', N'Ardabil')
, (N'Iran', N'Azarbayjan-e Gharbi (West Azerbaijan')
, (N'Iran', N'Azarbayjan-e Sharqi (East Azerbaijan')
, (N'Iran', N'Bushehr')
, (N'Iran', N'Chahar Mahal va Bakhtiari')
, (N'Iran', N'Esfahan')
, (N'Iran', N'Fars')
, (N'Iran', N'Gilan')
, (N'Iran', N'Golestan')
, (N'Iran', N'Hamadan')
, (N'Iran', N'Hormozgan')
, (N'Iran', N'Ilam')
, (N'Iran', N'Kerman')
, (N'Iran', N'Kermanshah')
, (N'Iran', N'Khorasan-e Jonubi (South Khorasan')
, (N'Iran', N'Khorasan-e Razavi (Razavi Khorasan')
, (N'Iran', N'Khorasan-e Shomali (North Khorasan')
, (N'Iran', N'Khuzestan')
, (N'Iran', N'Kohgiluyeh va Bowyer Ahmad')
, (N'Iran', N'Kordestan')
, (N'Iran', N'Lorestan')
, (N'Iran', N'Markazi')
, (N'Iran', N'Mazandaran')
, (N'Iran', N'Qazvin')
, (N'Iran', N'Qom')
, (N'Iran', N'Semnan')
, (N'Iran', N'Sistan va Baluchestan')
, (N'Iran', N'Tehran')
, (N'Iran', N'Yazd')
, (N'Iran', N'Zanjan')
, (N'Iraq', N'Wasit')
, (N'Ireland', N'Carlow')
, (N'Ireland', N'Cavan')
, (N'Ireland', N'Clare')
, (N'Ireland', N'Cork')
, (N'Ireland', N'Cork')
, (N'Ireland', N'Donegal')
, (N'Ireland', N'Dublin')
, (N'Ireland', N'Dun Laoghaire-Rathdown')
, (N'Ireland', N'Fingal')
, (N'Ireland', N'Galway')
, (N'Ireland', N'Galway')
, (N'Ireland', N'Kerry')
, (N'Ireland', N'Kildare')
, (N'Ireland', N'Kilkenny')
, (N'Ireland', N'Laois')
, (N'Ireland', N'Leitrim')
, (N'Ireland', N'Limerick')
, (N'Ireland', N'Longford')
, (N'Ireland', N'Louth')
, (N'Ireland', N'Mayo')
, (N'Ireland', N'Meath')
, (N'Ireland', N'Monaghan')
, (N'Ireland', N'Offaly')
, (N'Ireland', N'Roscommon')
, (N'Ireland', N'Sligo')
, (N'Ireland', N'South Dublin')
, (N'Ireland', N'Tipperary')
, (N'Ireland', N'Waterford')
, (N'Ireland', N'Westmeath')
, (N'Ireland', N'Wexford')
, (N'Ireland', N'Wicklow')
, (N'Israel', N'Central')
, (N'Israel', N'Haifa')
, (N'Israel', N'Jerusalem')
, (N'Israel', N'Northern')
, (N'Israel', N'Southern')
, (N'Israel', N'Tel Aviv')
, (N'Italy', N'autonomous regions: Friuli Venezia Giulia')
, (N'Italy', N'Sardegna (Sardinia')
, (N'Italy', N'Sicilia (Sicily')
, (N'Italy', N'Trentino-Alto Adige (Trentino-South Tyrol) or Trentino-Suedtirol (German')
, (N'Italy', N'Valle d''Aosta (Aosta Valley) or Vallee d''Aoste (French')
, (N'Ivory Coast', N'none')
, (N'Jamaica', N'Clarendon')
, (N'Jamaica', N'Hanover')
, (N'Jamaica', N'Kingston')
, (N'Jamaica', N'Manchester')
, (N'Jamaica', N'Portland')
, (N'Jamaica', N'Saint Andrew')
, (N'Jamaica', N'Saint Ann')
, (N'Jamaica', N'Saint Catherine')
, (N'Jamaica', N'Saint Elizabeth')
, (N'Jamaica', N'Saint James')
, (N'Jamaica', N'Saint Mary')
, (N'Jamaica', N'Saint Thomas')
, (N'Jamaica', N'Trelawny')
, (N'Jamaica', N'Westmoreland')
, (N'Japan', N'Aichi')
, (N'Japan', N'Akita')
, (N'Japan', N'Aomori')
, (N'Japan', N'Chiba')
, (N'Japan', N'Ehime')
, (N'Japan', N'Fukui')
, (N'Japan', N'Fukuoka')
, (N'Japan', N'Fukushima')
, (N'Japan', N'Gifu')
, (N'Japan', N'Gunma')
, (N'Japan', N'Hiroshima')
, (N'Japan', N'Hokkaido')
, (N'Japan', N'Hyogo')
, (N'Japan', N'Ibaraki')
, (N'Japan', N'Ishikawa')
, (N'Japan', N'Iwate')
, (N'Japan', N'Kagawa')
, (N'Japan', N'Kagoshima')
, (N'Japan', N'Kanagawa')
, (N'Japan', N'Kochi')
, (N'Japan', N'Kumamoto')
, (N'Japan', N'Kyoto')
, (N'Japan', N'Mie')
, (N'Japan', N'Miyagi')
, (N'Japan', N'Miyazaki')
, (N'Japan', N'Nagano')
, (N'Japan', N'Nagasaki')
, (N'Japan', N'Nara')
, (N'Japan', N'Niigata')
, (N'Japan', N'Oita')
, (N'Japan', N'Okayama')
, (N'Japan', N'Okinawa')
, (N'Japan', N'Osaka')
, (N'Japan', N'Saga')
, (N'Japan', N'Saitama')
, (N'Japan', N'Shiga')
, (N'Japan', N'Shimane')
, (N'Japan', N'Shizuoka')
, (N'Japan', N'Tochigi')
, (N'Japan', N'Tokushima')
, (N'Japan', N'Tokyo')
, (N'Japan', N'Tottori')
, (N'Japan', N'Toyama')
, (N'Japan', N'Wakayama')
, (N'Japan', N'Yamagata')
, (N'Japan', N'Yamaguchi')
, (N'Japan', N'Yamanashi')
, (N'Jersey', N'Grouville')
, (N'Jersey', N'Saint Brelade')
, (N'Jersey', N'Saint Clement')
, (N'Jersey', N'Saint Helier')
, (N'Jersey', N'Saint John')
, (N'Jersey', N'Saint Lawrence')
, (N'Jersey', N'Saint Martin')
, (N'Jersey', N'Saint Mary')
, (N'Jersey', N'Saint Ouen')
, (N'Jersey', N'Saint Peter')
, (N'Jersey', N'Saint Saviour')
, (N'Jersey', N'and Trinity')
, (N'Jordan', N'''Ajlun')
, (N'Jordan', N'Al ''Aqabah')
, (N'Jordan', N'Al Balqa')
, (N'Jordan', N'Al Karak')
, (N'Jordan', N'Al Mafraq')
, (N'Jordan', N'Al вЂAsimah (Amman')
, (N'Jordan', N'At Tafilah')
, (N'Jordan', N'Az Zarqa')
, (N'Jordan', N'Irbid')
, (N'Jordan', N'Jarash')
, (N'Jordan', N'Ma''an')
, (N'Jordan', N'Madaba')
, (N'Kazakhstan', N'Almaty (Taldyqorghan')
, (N'Kazakhstan', N'Aqmola (Kokshetau')
, (N'Kazakhstan', N'Aqtobe')
, (N'Kazakhstan', N'Atyrau')
, (N'Kazakhstan', N'Batys Qazaqstan [West Kazakhstan] (Oral')
, (N'Kazakhstan', N'Mangghystau (Aqtau')
, (N'Kazakhstan', N'Pavlodar')
, (N'Kazakhstan', N'Qaraghandy')
, (N'Kazakhstan', N'Qostanay')
, (N'Kazakhstan', N'Qyzylorda')
, (N'Kazakhstan', N'Shyghys Qazaqstan [East Kazakhstan] (Oskemen')
, (N'Kazakhstan', N'Soltustik Qazaqstan [North Kazakhstan] (Petropavl')
, (N'Kazakhstan', N'Turkistan')
, (N'Kazakhstan', N'Zhambyl (Taraz')
, (N'Kenya', N'Baringo')
, (N'Kenya', N'Bomet')
, (N'Kenya', N'Bungoma')
, (N'Kenya', N'Busia')
, (N'Kenya', N'Elgeyo/Marakwet')
, (N'Kenya', N'Embu')
, (N'Kenya', N'Garissa')
, (N'Kenya', N'Homa Bay')
, (N'Kenya', N'Isiolo')
, (N'Kenya', N'Kajiado')
, (N'Kenya', N'Kakamega')
, (N'Kenya', N'Kericho')
, (N'Kenya', N'Kiambu')
, (N'Kenya', N'Kilifi')
, (N'Kenya', N'Kirinyaga')
, (N'Kenya', N'Kisii')
, (N'Kenya', N'Kisumu')
, (N'Kenya', N'Kitui')
, (N'Kenya', N'Kwale')
, (N'Kenya', N'Laikipia')
, (N'Kenya', N'Lamu')
, (N'Kenya', N'Machakos')
, (N'Kenya', N'Makueni')
, (N'Kenya', N'Mandera')
, (N'Kenya', N'Marsabit')
, (N'Kenya', N'Meru')
, (N'Kenya', N'Migori')
, (N'Kenya', N'Mombasa')
, (N'Kenya', N'Murang''a')
, (N'Kenya', N'Nairobi City')
, (N'Kenya', N'Nakuru')
, (N'Kenya', N'Nandi')
, (N'Kenya', N'Narok')
, (N'Kenya', N'Nyamira')
, (N'Kenya', N'Nyandarua')
, (N'Kenya', N'Nyeri')
, (N'Kenya', N'Samburu')
, (N'Kenya', N'Siaya')
, (N'Kenya', N'Taita/Taveta')
, (N'Kenya', N'Tana River')
, (N'Kenya', N'Tharaka-Nithi')
, (N'Kenya', N'Trans Nzoia')
, (N'Kenya', N'Turkana')
, (N'Kenya', N'Uasin Gishu')
, (N'Kenya', N'Vihiga')
, (N'Kenya', N'Wajir')
, (N'Kenya', N'West Pokot')
, (N'Kiribati', N'Central Gilberts')
, (N'Kiribati', N'Line Islands')
, (N'Kiribati', N'Northern Gilberts')
, (N'Kiribati', N'Southern Gilberts')
, (N'Kiribati', N'Tarawa')
, (N'Kiribati', N'Abaiang')
, (N'Kiribati', N'Abemama')
, (N'Kiribati', N'Aranuka')
, (N'Kiribati', N'Arorae')
, (N'Kiribati', N'Banaba')
, (N'Kiribati', N'Beru')
, (N'Kiribati', N'Butaritari')
, (N'Kiribati', N'Kanton')
, (N'Kiribati', N'Kiritimati')
, (N'Kiribati', N'Kuria')
, (N'Kiribati', N'Maiana')
, (N'Kiribati', N'Makin')
, (N'Kiribati', N'Marakei')
, (N'Kiribati', N'Nikunau')
, (N'Kiribati', N'Nonouti')
, (N'Kiribati', N'Onotoa')
, (N'Kiribati', N'Tabiteuea')
, (N'Kiribati', N'Tabuaeran')
, (N'Kiribati', N'Tamana')
, (N'Kiribati', N'Tarawa')
, (N'Kiribati', N'Teraina')
, (N'Korea, North', N'Hambuk (North Hamgyong')
, (N'Korea, North', N'Hamnam (South Hamgyong')
, (N'Korea, North', N'Hwangbuk (North Hwanghae')
, (N'Korea, North', N'Hwangnam (South Hwanghae')
, (N'Korea, North', N'Kangwon')
, (N'Korea, North', N'P''yongbuk (North Pyongan')
, (N'Korea, North', N'P''yongnam (South Pyongan')
, (N'Korea, North', N'Ryanggang');

insert into lesson1_db.coun_unit
values (N'Korea, South', N'Chungnam (South Chungcheong')
, (N'Korea, South', N'Gangwon')
, (N'Korea, South', N'Gyeongbuk (North Gyeongsang')
, (N'Korea, South', N'Gyeonggi')
, (N'Korea, South', N'Gyeongnam (South Gyeongsang')
, (N'Korea, South', N'Jeju')
, (N'Korea, South', N'Jeonbuk (North Jeolla')
, (N'Korea, South', N'Jeonnam (South Jeolla)')
, (N'Kosovo', N'Decan (Decani')
, (N'Kosovo', N'Dragash (Dragas')
, (N'Kosovo', N'Ferizaj (Urosevac')
, (N'Kosovo', N'Fushe Kosove (Kosovo Polje')
, (N'Kosovo', N'Gjakove (Dakovica')
, (N'Kosovo', N'Gjilan (Gnjilane')
, (N'Kosovo', N'Gllogovc (Glogovac')
, (N'Kosovo', N'Gracanice (Gracanica')
, (N'Kosovo', N'Hani i Elezit (Deneral Jankovic')
, (N'Kosovo', N'Istog (Istok')
, (N'Kosovo', N'Junik')
, (N'Kosovo', N'Kacanik')
, (N'Kosovo', N'Kamenice (Kamenica')
, (N'Kosovo', N'Kline (Klina')
, (N'Kosovo', N'Kllokot (Klokot')
, (N'Kosovo', N'Leposaviq (Leposavic')
, (N'Kosovo', N'Lipjan (Lipljan')
, (N'Kosovo', N'Malisheve (Malisevo')
, (N'Kosovo', N'Mamushe (Mamusa')
, (N'Kosovo', N'Mitrovice e Jugut (Juzna Mitrovica) [South Mitrovica')
, (N'Kosovo', N'Mitrovice e Veriut (Severna Mitrovica) [North Mitrovica')
, (N'Kosovo', N'Novoberde (Novo Brdo')
, (N'Kosovo', N'Obiliq (Obilic')
, (N'Kosovo', N'Partesh (Partes')
, (N'Kosovo', N'Peje (Pec')
, (N'Kosovo', N'Podujeve (Podujevo')
, (N'Kosovo', N'Prishtine (Pristina')
, (N'Kosovo', N'Prizren')
, (N'Kosovo', N'Rahovec (Orahovac')
, (N'Kosovo', N'Ranillug (Ranilug')
, (N'Kosovo', N'Shterpce (Strpce')
, (N'Kosovo', N'Shtime (Stimlje')
, (N'Kosovo', N'Skenderaj (Srbica')
, (N'Kosovo', N'Suhareke (Suva Reka')
, (N'Kosovo', N'Viti (Vitina')
, (N'Kosovo', N'Vushtrri (Vucitrn')
, (N'Kosovo', N'Zubin Potok')
, (N'Kosovo', N'Zvecan')
, (N'Kuwait', N'Al Ahmadi')
, (N'Kuwait', N'Al ''Asimah')
, (N'Kuwait', N'Al Farwaniyah')
, (N'Kuwait', N'Al Jahra')
, (N'Kuwait', N'Hawalli')
, (N'Kuwait', N'Mubarak al Kabir')
, (N'Kyrgyzstan', N'Batken Oblusu')
, (N'Kyrgyzstan', N'Bishkek Shaary')
, (N'Kyrgyzstan', N'Chuy Oblusu (Bishkek')
, (N'Kyrgyzstan', N'Jalal-Abad Oblusu')
, (N'Kyrgyzstan', N'Naryn Oblusu')
, (N'Kyrgyzstan', N'Osh Oblusu')
, (N'Kyrgyzstan', N'Osh Shaary')
, (N'Kyrgyzstan', N'Talas Oblusu')
, (N'Kyrgyzstan', N'Ysyk-Kol Oblusu (Karakol')
, (N'Laos', N'Attapu')
, (N'Laos', N'Bokeo')
, (N'Laos', N'Bolikhamxai')
, (N'Laos', N'Champasak')
, (N'Laos', N'Houaphan')
, (N'Laos', N'Khammouan')
, (N'Laos', N'Louangnamtha')
, (N'Laos', N'Louangphabang')
, (N'Laos', N'Oudomxai')
, (N'Laos', N'Phongsali')
, (N'Laos', N'Salavan')
, (N'Laos', N'Savannakhet')
, (N'Laos', N'Viangchan (Vientiane')
, (N'Laos', N'Viangchan')
, (N'Laos', N'Xaignabouli')
, (N'Laos', N'Xaisomboun')
, (N'Laos', N'Xekong')
, (N'Laos', N'Xiangkhouang')
, (N'Latvia', N'110 municipalities (novadi')
, (N'Latvia', N'Adazu Novads')
, (N'Latvia', N'Aglonas Novads')
, (N'Latvia', N'Aizkraukles Novads')
, (N'Latvia', N'Aizputes Novads')
, (N'Latvia', N'Aknistes Novads')
, (N'Latvia', N'Alojas Novads')
, (N'Latvia', N'Alsungas Novads')
, (N'Latvia', N'Aluksnes Novads')
, (N'Latvia', N'Amatas Novads')
, (N'Latvia', N'Apes Novads')
, (N'Latvia', N'Auces Novads')
, (N'Latvia', N'Babites Novads')
, (N'Latvia', N'Baldones Novads')
, (N'Latvia', N'Baltinavas Novads')
, (N'Latvia', N'Balvu Novads')
, (N'Latvia', N'Bauskas Novads')
, (N'Latvia', N'Beverinas Novads')
, (N'Latvia', N'Brocenu Novads')
, (N'Latvia', N'Burtnieku Novads')
, (N'Latvia', N'Carnikavas Novads')
, (N'Latvia', N'Cesu Novads')
, (N'Latvia', N'Cesvaines Novads')
, (N'Latvia', N'Ciblas Novads')
, (N'Latvia', N'Dagdas Novads')
, (N'Latvia', N'Daugavpils Novads')
, (N'Latvia', N'Dobeles Novads')
, (N'Latvia', N'Dundagas Novads')
, (N'Latvia', N'Durbes Novads')
, (N'Latvia', N'Engures Novads')
, (N'Latvia', N'Erglu Novads')
, (N'Latvia', N'Garkalnes Novads')
, (N'Latvia', N'Grobinas Novads')
, (N'Latvia', N'Gulbenes Novads')
, (N'Latvia', N'Iecavas Novads')
, (N'Latvia', N'Ikskiles Novads')
, (N'Latvia', N'Ilukstes Novads')
, (N'Latvia', N'Incukalna Novads')
, (N'Latvia', N'Jaunjelgavas Novads')
, (N'Latvia', N'Jaunpiebalgas Novads')
, (N'Latvia', N'Jaunpils Novads')
, (N'Latvia', N'Jekabpils Novads')
, (N'Latvia', N'Jelgavas Novads')
, (N'Latvia', N'Kandavas Novads')
, (N'Latvia', N'Karsavas Novads')
, (N'Latvia', N'Keguma Novads')
, (N'Latvia', N'Kekavas Novads')
, (N'Latvia', N'Kocenu Novads')
, (N'Latvia', N'Kokneses Novads')
, (N'Latvia', N'Kraslavas Novads')
, (N'Latvia', N'Krimuldas Novads')
, (N'Latvia', N'Krustpils Novads')
, (N'Latvia', N'Kuldigas Novads')
, (N'Latvia', N'Lielvardes Novads')
, (N'Latvia', N'Ligatnes Novads')
, (N'Latvia', N'Limbazu Novads')
, (N'Latvia', N'Livanu Novads')
, (N'Latvia', N'Lubanas Novads')
, (N'Latvia', N'Ludzas Novads')
, (N'Latvia', N'Madonas Novads')
, (N'Latvia', N'Malpils Novads')
, (N'Latvia', N'Marupes Novads')
, (N'Latvia', N'Mazsalacas Novads')
, (N'Latvia', N'Mersraga Novads')
, (N'Latvia', N'Nauksenu Novads')
, (N'Latvia', N'Neretas Novads')
, (N'Latvia', N'Nicas Novads')
, (N'Latvia', N'Ogres Novads')
, (N'Latvia', N'Olaines Novads')
, (N'Latvia', N'Ozolnieku Novads')
, (N'Latvia', N'Pargaujas Novads')
, (N'Latvia', N'Pavilostas Novads')
, (N'Latvia', N'Plavinu Novads')
, (N'Latvia', N'Preilu Novads')
, (N'Latvia', N'Priekules Novads')
, (N'Latvia', N'Priekulu Novads')
, (N'Latvia', N'Raunas Novads')
, (N'Latvia', N'Rezeknes Novads')
, (N'Latvia', N'Riebinu Novads')
, (N'Latvia', N'Rojas Novads')
, (N'Latvia', N'Ropazu Novads')
, (N'Latvia', N'Rucavas Novads')
, (N'Latvia', N'Rugaju Novads')
, (N'Latvia', N'Rujienas Novads')
, (N'Latvia', N'Rundales Novads')
, (N'Latvia', N'Salacgrivas Novads')
, (N'Latvia', N'Salas Novads')
, (N'Latvia', N'Salaspils Novads')
, (N'Latvia', N'Saldus Novads')
, (N'Latvia', N'Saulkrastu Novads')
, (N'Latvia', N'Sejas Novads')
, (N'Latvia', N'Siguldas Novads')
, (N'Latvia', N'Skriveru Novads')
, (N'Latvia', N'Skrundas Novads')
, (N'Latvia', N'Smiltenes Novads')
, (N'Latvia', N'Stopinu Novads')
, (N'Latvia', N'Strencu Novads')
, (N'Latvia', N'Talsu Novads')
, (N'Latvia', N'Tervetes Novads')
, (N'Latvia', N'Tukuma Novads')
, (N'Latvia', N'Vainodes Novads')
, (N'Latvia', N'Valkas Novads')
, (N'Latvia', N'Varaklanu Novads')
, (N'Latvia', N'Varkavas Novads')
, (N'Latvia', N'Vecpiebalgas Novads')
, (N'Latvia', N'Vecumnieku Novads')
, (N'Latvia', N'Ventspils Novads')
, (N'Latvia', N'Viesites Novads')
, (N'Latvia', N'Vilakas Novads')
, (N'Latvia', N'Vilanu Novads')
, (N'Latvia', N'Zilupes Novads');

insert into lesson1_db.coun_unit
values (N'Lebanon', N'Aakkar')
, (N'Lebanon', N'Baalbek-Hermel')
, (N'Lebanon', N'Beqaa (Bekaa')
, (N'Lebanon', N'Beyrouth (Beirut')
, (N'Lebanon', N'Liban-Nord (North Lebanon')
, (N'Lebanon', N'Liban-Sud (South Lebanon')
, (N'Lebanon', N'Mont-Liban (Mount Lebanon')
, (N'Lebanon', N'Nabatiye')
, (N'Lesotho', N'Berea')
, (N'Lesotho', N'Butha-Buthe')
, (N'Lesotho', N'Leribe')
, (N'Lesotho', N'Mafeteng')
, (N'Lesotho', N'Maseru')
, (N'Lesotho', N'Mohale''s Hoek')
, (N'Lesotho', N'Mokhotlong')
, (N'Lesotho', N'Qacha''s Nek')
, (N'Lesotho', N'Quthing')
, (N'Lesotho', N'Thaba-Tseka')
, (N'Liberia', N'Bomi')
, (N'Liberia', N'Bong')
, (N'Liberia', N'Gbarpolu')
, (N'Liberia', N'Grand Bassa')
, (N'Liberia', N'Grand Cape Mount')
, (N'Liberia', N'Grand Gedeh')
, (N'Liberia', N'Grand Kru')
, (N'Liberia', N'Lofa')
, (N'Liberia', N'Margibi')
, (N'Liberia', N'Maryland')
, (N'Liberia', N'Montserrado')
, (N'Liberia', N'Nimba')
, (N'Liberia', N'River Cess')
, (N'Liberia', N'River Gee')
, (N'Liberia', N'Sinoe')
, (N'Libya', N'Al Butnan')
, (N'Libya', N'Al Jabal al Akhdar')
, (N'Libya', N'Al Jabal al Gharbi')
, (N'Libya', N'Al Jafarah')
, (N'Libya', N'Al Jufrah')
, (N'Libya', N'Al Kufrah')
, (N'Libya', N'Al Marj')
, (N'Libya', N'Al Marqab')
, (N'Libya', N'Al Wahat')
, (N'Libya', N'An Nuqat al Khams')
, (N'Libya', N'Az Zawiyah')
, (N'Libya', N'Banghazi (Benghazi')
, (N'Libya', N'Darnah')
, (N'Libya', N'Ghat')
, (N'Libya', N'Misratah')
, (N'Libya', N'Murzuq')
, (N'Libya', N'Nalut')
, (N'Libya', N'Sabha')
, (N'Libya', N'Surt')
, (N'Libya', N'Tarabulus (Tripoli')
, (N'Libya', N'Wadi al Hayat')
, (N'Libya', N'Wadi ash Shati')
, (N'Liechtenstein', N'Balzers')
, (N'Liechtenstein', N'Eschen')
, (N'Liechtenstein', N'Gamprin')
, (N'Liechtenstein', N'Mauren')
, (N'Liechtenstein', N'Planken')
, (N'Liechtenstein', N'Ruggell')
, (N'Liechtenstein', N'Schaan')
, (N'Liechtenstein', N'Schellenberg')
, (N'Liechtenstein', N'Triesen')
, (N'Liechtenstein', N'Triesenberg')
, (N'Liechtenstein', N'Vaduz')
, (N'Lithuania', N'Akmene')
, (N'Lithuania', N'Alytaus Miestas')
, (N'Lithuania', N'Alytus')
, (N'Lithuania', N'Anksciai')
, (N'Lithuania', N'Birstono')
, (N'Lithuania', N'Birzai')
, (N'Lithuania', N'Druskininkai')
, (N'Lithuania', N'Elektrenai')
, (N'Lithuania', N'Ignalina')
, (N'Lithuania', N'Jonava')
, (N'Lithuania', N'Joniskis')
, (N'Lithuania', N'Jurbarkas')
, (N'Lithuania', N'Kaisiadorys')
, (N'Lithuania', N'Kalvarijos')
, (N'Lithuania', N'Kauno Miestas')
, (N'Lithuania', N'Kaunas')
, (N'Lithuania', N'Kazlu Rudos')
, (N'Lithuania', N'Kedainiai')
, (N'Lithuania', N'Kelme')
, (N'Lithuania', N'Klaipedos Miestas')
, (N'Lithuania', N'Klaipeda')
, (N'Lithuania', N'Kretinga')
, (N'Lithuania', N'Kupiskis')
, (N'Lithuania', N'Lazdijai')
, (N'Lithuania', N'Marijampole')
, (N'Lithuania', N'Mazeikiai')
, (N'Lithuania', N'Moletai')
, (N'Lithuania', N'Neringa')
, (N'Lithuania', N'Pagegiai')
, (N'Lithuania', N'Pakruojis')
, (N'Lithuania', N'Palangos Miestas')
, (N'Lithuania', N'Panevezio Miestas')
, (N'Lithuania', N'Panevezys')
, (N'Lithuania', N'Pasvalys')
, (N'Lithuania', N'Plunge')
, (N'Lithuania', N'Prienai')
, (N'Lithuania', N'Radviliskis')
, (N'Lithuania', N'Raseiniai')
, (N'Lithuania', N'Rietavo')
, (N'Lithuania', N'Rokiskis')
, (N'Lithuania', N'Sakiai')
, (N'Lithuania', N'Salcininkai')
, (N'Lithuania', N'Siauliu Miestas')
, (N'Lithuania', N'Siauliai')
, (N'Lithuania', N'Silale')
, (N'Lithuania', N'Silute')
, (N'Lithuania', N'Sirvintos')
, (N'Lithuania', N'Skuodas')
, (N'Lithuania', N'Svencionys')
, (N'Lithuania', N'Taurage')
, (N'Lithuania', N'Telsiai')
, (N'Lithuania', N'Trakai')
, (N'Lithuania', N'Ukmerge')
, (N'Lithuania', N'Utena')
, (N'Lithuania', N'Varena')
, (N'Lithuania', N'Vilkaviskis')
, (N'Lithuania', N'Vilniaus Miestas')
, (N'Lithuania', N'Vilnius')
, (N'Lithuania', N'Visaginas')
, (N'Lithuania', N'Zarasai')
, (N'Luxembourg', N'Capellen')
, (N'Luxembourg', N'Clervaux')
, (N'Luxembourg', N'Diekirch')
, (N'Luxembourg', N'Echternach')
, (N'Luxembourg', N'Esch-sur-Alzette')
, (N'Luxembourg', N'Grevenmacher')
, (N'Luxembourg', N'Luxembourg')
, (N'Luxembourg', N'Mersch')
, (N'Luxembourg', N'Redange')
, (N'Luxembourg', N'Remich')
, (N'Luxembourg', N'Vianden')
, (N'Luxembourg', N'Wiltz')
, (N'Macau', N'none (special administrative region of the People''s Republic of China')
, (N'Macedonia', N'none')
, (N'Madagascar', N'Antananarivo')
, (N'Madagascar', N'Antsiranana')
, (N'Madagascar', N'Fianarantsoa')
, (N'Madagascar', N'Mahajanga')
, (N'Madagascar', N'Toamasina')
, (N'Madagascar', N'Toliara')
, (N'Malawi', N'Balaka')
, (N'Malawi', N'Blantyre')
, (N'Malawi', N'Chikwawa')
, (N'Malawi', N'Chiradzulu')
, (N'Malawi', N'Chitipa')
, (N'Malawi', N'Dedza')
, (N'Malawi', N'Dowa')
, (N'Malawi', N'Karonga')
, (N'Malawi', N'Kasungu')
, (N'Malawi', N'Likoma')
, (N'Malawi', N'Lilongwe')
, (N'Malawi', N'Machinga')
, (N'Malawi', N'Mangochi')
, (N'Malawi', N'Mchinji')
, (N'Malawi', N'Mulanje')
, (N'Malawi', N'Mwanza')
, (N'Malawi', N'Mzimba')
, (N'Malawi', N'Neno')
, (N'Malawi', N'Ntcheu')
, (N'Malawi', N'Nkhata Bay')
, (N'Malawi', N'Nkhotakota')
, (N'Malawi', N'Nsanje')
, (N'Malawi', N'Ntchisi')
, (N'Malawi', N'Phalombe')
, (N'Malawi', N'Rumphi')
, (N'Malawi', N'Salima')
, (N'Malawi', N'Thyolo')
, (N'Malawi', N'Zomba')
, (N'Malaysia', N'and 1 federal territory (Wilayah Persekutuan) with 3 components')
, (N'Malaysia', N'Kuala Lumpur')
, (N'Malaysia', N'Labuan')
, (N'Malaysia', N'and Putrajaya')
, (N'Maldives', N'Addu (Addu City')
, (N'Maldives', N'Ariatholhu Dhekunuburi (South Ari Atoll')
, (N'Maldives', N'Ariatholhu Uthuruburi (North Ari Atoll')
, (N'Maldives', N'Faadhippolhu')
, (N'Maldives', N'Felidhuatholhu (Felidhu Atoll')
, (N'Maldives', N'Fuvammulah')
, (N'Maldives', N'Hahdhunmathi')
, (N'Maldives', N'Huvadhuatholhu Dhekunuburi (South Huvadhu Atoll')
, (N'Maldives', N'Huvadhuatholhu Uthuruburi (North Huvadhu Atoll')
, (N'Maldives', N'Kolhumadulu')
, (N'Maldives', N'Maale (Male')
, (N'Maldives', N'Maaleatholhu (Male Atoll')
, (N'Maldives', N'Maalhosmadulu Dhekunuburi (South Maalhosmadulu')
, (N'Maldives', N'Maalhosmadulu Uthuruburi (North Maalhosmadulu')
, (N'Maldives', N'Miladhunmadulu Dhekunuburi (South Miladhunmadulu')
, (N'Maldives', N'Miladhunmadulu Uthuruburi (North Miladhunmadulu')
, (N'Maldives', N'Mulakatholhu (Mulaku Atoll')
, (N'Maldives', N'Nilandheatholhu Dhekunuburi (South Nilandhe Atoll')
, (N'Maldives', N'Nilandheatholhu Uthuruburi (North Nilandhe Atoll')
, (N'Maldives', N'Thiladhunmathee Dhekunuburi (South Thiladhunmathi')
, (N'Maldives', N'Thiladhunmathee Uthuruburi (North Thiladhunmathi')
, (N'Mali', N'but implementation has not been confirmed by the US Board on Geographic Names')
, (N'Malta', N'Attard')
, (N'Malta', N'Balzan')
, (N'Malta', N'Birgu')
, (N'Malta', N'Birkirkara')
, (N'Malta', N'Birzebbuga')
, (N'Malta', N'Bormla')
, (N'Malta', N'Dingli')
, (N'Malta', N'Fgura')
, (N'Malta', N'Floriana')
, (N'Malta', N'Fontana')
, (N'Malta', N'Ghajnsielem')
, (N'Malta', N'Gharb')
, (N'Malta', N'Gharghur')
, (N'Malta', N'Ghasri')
, (N'Malta', N'Ghaxaq')
, (N'Malta', N'Gudja')
, (N'Malta', N'Gzira')
, (N'Malta', N'Hamrun')
, (N'Malta', N'Iklin')
, (N'Malta', N'Imdina')
, (N'Malta', N'Imgarr')
, (N'Malta', N'Imqabba')
, (N'Malta', N'Imsida')
, (N'Malta', N'Imtarfa')
, (N'Malta', N'Isla')
, (N'Malta', N'Kalkara')
, (N'Malta', N'Kercem')
, (N'Malta', N'Kirkop')
, (N'Malta', N'Lija')
, (N'Malta', N'Luqa')
, (N'Malta', N'Marsa')
, (N'Malta', N'Marsaskala')
, (N'Malta', N'Marsaxlokk')
, (N'Malta', N'Mellieha')
, (N'Malta', N'Mosta')
, (N'Malta', N'Munxar')
, (N'Malta', N'Nadur')
, (N'Malta', N'Naxxar')
, (N'Malta', N'Paola')
, (N'Malta', N'Pembroke')
, (N'Malta', N'Pieta')
, (N'Malta', N'Qala')
, (N'Malta', N'Qormi')
, (N'Malta', N'Qrendi')
, (N'Malta', N'Rabat')
, (N'Malta', N'Rabat (Ghawdex')
, (N'Malta', N'Safi')
, (N'Malta', N'San Giljan/Saint Julian')
, (N'Malta', N'San Gwann/Saint John')
, (N'Malta', N'San Lawrenz/Saint Lawrence')
, (N'Malta', N'Sannat')
, (N'Malta', N'San Pawl il-Bahar/Saint Paul''s Bay')
, (N'Malta', N'Santa Lucija/Saint Lucia')
, (N'Malta', N'Santa Venera/Saint Venera')
, (N'Malta', N'Siggiewi')
, (N'Malta', N'Sliema')
, (N'Malta', N'Swieqi')
, (N'Malta', N'Tarxien')
, (N'Malta', N'Ta'' Xbiex')
, (N'Malta', N'Valletta')
, (N'Malta', N'Xaghra')
, (N'Malta', N'Xewkija')
, (N'Malta', N'Xghajra')
, (N'Malta', N'Zabbar')
, (N'Malta', N'Zebbug')
, (N'Malta', N'Zebbug (Ghawdex')
, (N'Malta', N'Zejtun')
, (N'Malta', N'Zurrieq')
, (N'Marshall Islands', N'Ailinglaplap')
, (N'Marshall Islands', N'Ailuk')
, (N'Marshall Islands', N'Arno')
, (N'Marshall Islands', N'Aur')
, (N'Marshall Islands', N'Bikini & Kili')
, (N'Marshall Islands', N'Ebon')
, (N'Marshall Islands', N'Enewetak & Ujelang')
, (N'Marshall Islands', N'Jabat')
, (N'Marshall Islands', N'Jaluit')
, (N'Marshall Islands', N'Kwajalein')
, (N'Marshall Islands', N'Lae')
, (N'Marshall Islands', N'Lib')
, (N'Marshall Islands', N'Likiep')
, (N'Marshall Islands', N'Majuro')
, (N'Marshall Islands', N'Maloelap')
, (N'Marshall Islands', N'Mejit')
, (N'Marshall Islands', N'Mili')
, (N'Marshall Islands', N'Namorik')
, (N'Marshall Islands', N'Namu')
, (N'Marshall Islands', N'Rongelap')
, (N'Marshall Islands', N'Ujae')
, (N'Marshall Islands', N'Utrik')
, (N'Marshall Islands', N'Wotho')
, (N'Marshall Islands', N'Wotje')
, (N'Mauritania', N'Adrar')
, (N'Mauritania', N'Assaba')
, (N'Mauritania', N'Brakna')
, (N'Mauritania', N'Dakhlet Nouadhibou')
, (N'Mauritania', N'Gorgol')
, (N'Mauritania', N'Guidimaka')
, (N'Mauritania', N'Hodh ech Chargui')
, (N'Mauritania', N'Hodh El Gharbi')
, (N'Mauritania', N'Inchiri')
, (N'Mauritania', N'Nouakchott Nord')
, (N'Mauritania', N'Nouakchott Ouest')
, (N'Mauritania', N'Nouakchott Sud')
, (N'Mauritania', N'Tagant')
, (N'Mauritania', N'Tiris Zemmour')
, (N'Mauritania', N'Trarza')
, (N'Mauritius', N'Agalega Islands')
, (N'Mauritius', N'Black River')
, (N'Mauritius', N'Cargados Carajos Shoals')
, (N'Mauritius', N'Flacq')
, (N'Mauritius', N'Grand Port')
, (N'Mauritius', N'Moka')
, (N'Mauritius', N'Pamplemousses')
, (N'Mauritius', N'Plaines Wilhems')
, (N'Mauritius', N'Port Louis')
, (N'Mauritius', N'Riviere du Rempart')
, (N'Mauritius', N'Rodrigues')
, (N'Mauritius', N'Savanne')
, (N'Mexico', N'Aguascalientes')
, (N'Mexico', N'Baja California')
, (N'Mexico', N'Baja California Sur')
, (N'Mexico', N'Campeche')
, (N'Mexico', N'Chiapas')
, (N'Mexico', N'Chihuahua')
, (N'Mexico', N'Coahuila')
, (N'Mexico', N'Colima')
, (N'Mexico', N'Cuidad de Mexico')
, (N'Mexico', N'Durango')
, (N'Mexico', N'Guanajuato')
, (N'Mexico', N'Guerrero')
, (N'Mexico', N'Hidalgo')
, (N'Mexico', N'Jalisco')
, (N'Mexico', N'Mexico')
, (N'Mexico', N'Michoacan')
, (N'Mexico', N'Morelos')
, (N'Mexico', N'Nayarit')
, (N'Mexico', N'Nuevo Leon')
, (N'Mexico', N'Oaxaca')
, (N'Mexico', N'Puebla')
, (N'Mexico', N'Queretaro')
, (N'Mexico', N'Quintana Roo')
, (N'Mexico', N'San Luis Potosi')
, (N'Mexico', N'Sinaloa')
, (N'Mexico', N'Sonora')
, (N'Mexico', N'Tabasco')
, (N'Mexico', N'Tamaulipas')
, (N'Mexico', N'Tlaxcala')
, (N'Mexico', N'Veracruz')
, (N'Mexico', N'Yucatan')
, (N'Mexico', N'Zacatecas')
, (N'Micronesia, Federated States of', N'Chuuk (Truk')
, (N'Micronesia, Federated States of', N'Kosrae (Kosaie')
, (N'Micronesia, Federated States of', N'Pohnpei (Ponape')
, (N'Micronesia, Federated States of', N'Yap')
, (N'Moldova', N'Basarabeasca')
, (N'Moldova', N'Briceni')
, (N'Moldova', N'Cahul')
, (N'Moldova', N'Cantemir')
, (N'Moldova', N'Calarasi')
, (N'Moldova', N'Causeni')
, (N'Moldova', N'Cimislia')
, (N'Moldova', N'Criuleni')
, (N'Moldova', N'Donduseni')
, (N'Moldova', N'Drochia')
, (N'Moldova', N'Dubasari')
, (N'Moldova', N'Edinet')
, (N'Moldova', N'Falesti')
, (N'Moldova', N'Floresti')
, (N'Moldova', N'Glodeni')
, (N'Moldova', N'Hincesti')
, (N'Moldova', N'Ialoveni')
, (N'Moldova', N'Leova')
, (N'Moldova', N'Nisporeni')
, (N'Moldova', N'Ocnita')
, (N'Moldova', N'Orhei')
, (N'Moldova', N'Rezina')
, (N'Moldova', N'Riscani')
, (N'Moldova', N'Singerei')
, (N'Moldova', N'Soldanesti')
, (N'Moldova', N'Soroca')
, (N'Moldova', N'Stefan Voda')
, (N'Moldova', N'Straseni')
, (N'Moldova', N'Taraclia')
, (N'Moldova', N'Telenesti')
, (N'Moldova', N'Unghenimunicipalities: Balti')
, (N'Moldova', N'Bender')
, (N'Moldova', N'Chisinauautonomous territorial unit: Gagauziaterritorial unit: Stinga Nistrului (Transnistria')
, (N'Monaco', N'a part of La Condamine')
, (N'Monaco', N'is sometimes called the 5th quarter of Monaco')
, (N'Mongolia', N'Arhangay')
, (N'Mongolia', N'Bayanhongor')
, (N'Mongolia', N'Bayan-Olgiy')
, (N'Mongolia', N'Bulgan')
, (N'Mongolia', N'Darhan-Uul')
, (N'Mongolia', N'Dornod')
, (N'Mongolia', N'Dornogovi')
, (N'Mongolia', N'Dundgovi')
, (N'Mongolia', N'Dzavhan (Zavkhan')
, (N'Mongolia', N'Govi-Altay')
, (N'Mongolia', N'Govisumber')
, (N'Mongolia', N'Hentiy')
, (N'Mongolia', N'Hovd')
, (N'Mongolia', N'Hovsgol')
, (N'Mongolia', N'Omnogovi')
, (N'Mongolia', N'Orhon')
, (N'Mongolia', N'Ovorhangay')
, (N'Mongolia', N'Selenge')
, (N'Mongolia', N'Suhbaatar')
, (N'Mongolia', N'Tov')
, (N'Mongolia', N'Ulaanbaatar')
, (N'Mongolia', N'Uvs')
, (N'Montenegro', N'Andrijevica')
, (N'Montenegro', N'Bar')
, (N'Montenegro', N'Berane')
, (N'Montenegro', N'Bijelo Polje')
, (N'Montenegro', N'Budva')
, (N'Montenegro', N'Cetinje')
, (N'Montenegro', N'Danilovgrad')
, (N'Montenegro', N'Gusinje')
, (N'Montenegro', N'Herceg Novi')
, (N'Montenegro', N'Kolasin')
, (N'Montenegro', N'Kotor')
, (N'Montenegro', N'Mojkovac')
, (N'Montenegro', N'Niksic')
, (N'Montenegro', N'Petnijica')
, (N'Montenegro', N'Plav')
, (N'Montenegro', N'Pljevlja')
, (N'Montenegro', N'Pluzine')
, (N'Montenegro', N'Podgorica')
, (N'Montenegro', N'Rozaje')
, (N'Montenegro', N'Savnik')
, (N'Montenegro', N'Tivat')
, (N'Montenegro', N'Tuzi')
, (N'Montenegro', N'Ulcinj')
, (N'Montenegro', N'Zabljak')
, (N'Montserrat', N'Saint Anthony')
, (N'Montserrat', N'Saint Georges')
, (N'Montserrat', N'Saint Peter')
, (N'Morocco', N'Beni Mellal-Khenifra')
, (N'Morocco', N'Casablanca-Settat')
, (N'Morocco', N'Draa-Tafilalet')
, (N'Morocco', N'Fes-Meknes')
, (N'Morocco', N'Guelmim-Oued Noun')
, (N'Morocco', N'Laayoune-Sakia al Hamra')
, (N'Morocco', N'Oriental')
, (N'Morocco', N'Marrakech-Safi')
, (N'Morocco', N'Rabat-Sale-Kenitra')
, (N'Morocco', N'Souss-Massa')
, (N'Morocco', N'Tanger-Tetouan-Al Hoceima')
, (N'Morocco', N'Morocco also claims a 12th region')
, (N'Morocco', N'Dakhla-Oued ed Dahab')
, (N'Morocco', N'that falls entirely within Western Sahara')
, (N'Mozambique', N'Cabo Delgado')
, (N'Mozambique', N'Gaza')
, (N'Mozambique', N'Inhambane')
, (N'Mozambique', N'Manica')
, (N'Mozambique', N'Maputo')
, (N'Mozambique', N'Cidade de Maputo')
, (N'Mozambique', N'Nampula')
, (N'Mozambique', N'Niassa')
, (N'Mozambique', N'Sofala')
, (N'Mozambique', N'Tete')
, (N'Mozambique', N'Zambezia');

insert into lesson1_db.coun_unit
values (N'Namibia', N'Erongo')
, (N'Namibia', N'Hardap')
, (N'Namibia', N'Karas')
, (N'Namibia', N'Kavango East')
, (N'Namibia', N'Kavango West')
, (N'Namibia', N'Khomas')
, (N'Namibia', N'Kunene')
, (N'Namibia', N'Ohangwena')
, (N'Namibia', N'Omaheke')
, (N'Namibia', N'Omusati')
, (N'Namibia', N'Oshana')
, (N'Namibia', N'Oshikoto')
, (N'Namibia', N'Otjozondjupa')
, (N'Namibia', N'Zambezi')
, (N'Nauru', N'Aiwo')
, (N'Nauru', N'Anabar')
, (N'Nauru', N'Anetan')
, (N'Nauru', N'Anibare')
, (N'Nauru', N'Baitsi')
, (N'Nauru', N'Boe')
, (N'Nauru', N'Buada')
, (N'Nauru', N'Denigomodu')
, (N'Nauru', N'Ewa')
, (N'Nauru', N'Ijuw')
, (N'Nauru', N'Meneng')
, (N'Nauru', N'Nibok')
, (N'Nauru', N'Uaboe')
, (N'Nauru', N'Yaren')
, (N'Nepal', N'Gandaki Pradesh')
, (N'Nepal', N'Karnali Pradesh')
, (N'Nepal', N'Province No. One')
, (N'Nepal', N'Province No. Two')
, (N'Nepal', N'Province No. Three')
, (N'Nepal', N'Province No. Five')
, (N'Nepal', N'Sudurpashchim Pradesh')
, (N'Netherlands', N'Bonaire')
, (N'Netherlands', N'Drenthe')
, (N'Netherlands', N'Flevoland')
, (N'Netherlands', N'Fryslan (Friesland')
, (N'Netherlands', N'Gelderland')
, (N'Netherlands', N'Groningen')
, (N'Netherlands', N'Limburg')
, (N'Netherlands', N'Noord-Brabant (North Brabant')
, (N'Netherlands', N'Noord-Holland (North Holland')
, (N'Netherlands', N'Overijssel')
, (N'Netherlands', N'Saba')
, (N'Netherlands', N'Sint Eustatius')
, (N'Netherlands', N'Utrecht')
, (N'Netherlands', N'Zeeland (Zealand')
, (N'Netherlands', N'Zuid-Holland (South Holland')
, (N'Netherlands', N'Bonaire')
, (N'Netherlands', N'Saba')
, (N'New Caledonia', N'Province Iles (Islands Province')
, (N'New Caledonia', N'Province Nord (North Province')
, (N'New Caledonia', N'and Province Sud (South Province')
, (N'New Zealand', N'Auckland')
, (N'New Zealand', N'Bay of Plenty')
, (N'New Zealand', N'Canterbury')
, (N'New Zealand', N'Chatham Islands')
, (N'New Zealand', N'Gisborne')
, (N'New Zealand', N'Hawke''s Bay')
, (N'New Zealand', N'Manawatu-Wanganui')
, (N'New Zealand', N'Marlborough')
, (N'New Zealand', N'Nelson')
, (N'New Zealand', N'Northland')
, (N'New Zealand', N'Otago')
, (N'New Zealand', N'Southland')
, (N'New Zealand', N'Taranaki')
, (N'New Zealand', N'Tasman')
, (N'New Zealand', N'Waikato')
, (N'New Zealand', N'Wellington')
, (N'New Zealand', N'West Coast')
, (N'Nicaragua', N'Boaco')
, (N'Nicaragua', N'Carazo')
, (N'Nicaragua', N'Chinandega')
, (N'Nicaragua', N'Chontales')
, (N'Nicaragua', N'Costa Caribe Norte')
, (N'Nicaragua', N'Costa Caribe Sur')
, (N'Nicaragua', N'Esteli')
, (N'Nicaragua', N'Granada')
, (N'Nicaragua', N'Leon')
, (N'Nicaragua', N'Madriz')
, (N'Nicaragua', N'Managua')
, (N'Nicaragua', N'Masaya')
, (N'Nicaragua', N'Matagalpa')
, (N'Nicaragua', N'Nueva Segovia')
, (N'Nicaragua', N'Rio San Juan')
, (N'Nicaragua', N'Rivas')
, (N'Niger', N'Agadez')
, (N'Niger', N'Diffa')
, (N'Niger', N'Dosso')
, (N'Niger', N'Maradi')
, (N'Niger', N'Niamey')
, (N'Niger', N'Tahoua')
, (N'Niger', N'Tillaberi')
, (N'Niger', N'Zinder')
, (N'Nigeria', N'Abia')
, (N'Nigeria', N'Adamawa')
, (N'Nigeria', N'Akwa Ibom')
, (N'Nigeria', N'Anambra')
, (N'Nigeria', N'Bauchi')
, (N'Nigeria', N'Bayelsa')
, (N'Nigeria', N'Benue')
, (N'Nigeria', N'Borno')
, (N'Nigeria', N'Cross River')
, (N'Nigeria', N'Delta')
, (N'Nigeria', N'Ebonyi')
, (N'Nigeria', N'Edo')
, (N'Nigeria', N'Ekiti')
, (N'Nigeria', N'Enugu')
, (N'Nigeria', N'Federal Capital Territory')
, (N'Nigeria', N'Gombe')
, (N'Nigeria', N'Imo')
, (N'Nigeria', N'Jigawa')
, (N'Nigeria', N'Kaduna')
, (N'Nigeria', N'Kano')
, (N'Nigeria', N'Katsina')
, (N'Nigeria', N'Kebbi')
, (N'Nigeria', N'Kogi')
, (N'Nigeria', N'Kwara')
, (N'Nigeria', N'Lagos')
, (N'Nigeria', N'Nasarawa')
, (N'Nigeria', N'Niger')
, (N'Nigeria', N'Ogun')
, (N'Nigeria', N'Ondo')
, (N'Nigeria', N'Osun')
, (N'Nigeria', N'Oyo')
, (N'Nigeria', N'Plateau')
, (N'Nigeria', N'Rivers')
, (N'Nigeria', N'Sokoto')
, (N'Nigeria', N'Taraba')
, (N'Nigeria', N'Yobe')
, (N'Nigeria', N'Zamfara')
, (N'Niue', N'none')
, (N'Norfolk Island', N'none (territory of Australia')
, (N'North Macedonia', N'Aracinovo')
, (N'North Macedonia', N'Berovo')
, (N'North Macedonia', N'Bitola')
, (N'North Macedonia', N'Bogdanci')
, (N'North Macedonia', N'Bogovinje')
, (N'North Macedonia', N'Bosilovo')
, (N'North Macedonia', N'Brvenica')
, (N'North Macedonia', N'Caska')
, (N'North Macedonia', N'Centar Zupa')
, (N'North Macedonia', N'Cesinovo-Oblesevo')
, (N'North Macedonia', N'Cucer Sandevo')
, (N'North Macedonia', N'Debar')
, (N'North Macedonia', N'Debarca')
, (N'North Macedonia', N'Delcevo')
, (N'North Macedonia', N'Demir Hisar')
, (N'North Macedonia', N'Demir Kapija')
, (N'North Macedonia', N'Dojran')
, (N'North Macedonia', N'Dolneni')
, (N'North Macedonia', N'Gevgelija')
, (N'North Macedonia', N'Gostivar')
, (N'North Macedonia', N'Gradsko')
, (N'North Macedonia', N'Ilinden')
, (N'North Macedonia', N'Jegunovce')
, (N'North Macedonia', N'Karbinci')
, (N'North Macedonia', N'Kavadarci')
, (N'North Macedonia', N'Kicevo')
, (N'North Macedonia', N'Kocani')
, (N'North Macedonia', N'Konce')
, (N'North Macedonia', N'Kratovo')
, (N'North Macedonia', N'Kriva Palanka')
, (N'North Macedonia', N'Krivogastani')
, (N'North Macedonia', N'Krusevo')
, (N'North Macedonia', N'Kumanovo')
, (N'North Macedonia', N'Lipkovo')
, (N'North Macedonia', N'Lozovo')
, (N'North Macedonia', N'Makedonska Kamenica')
, (N'North Macedonia', N'Makedonski Brod')
, (N'North Macedonia', N'Mavrovo i Rostusa')
, (N'North Macedonia', N'Mogila')
, (N'North Macedonia', N'Negotino')
, (N'North Macedonia', N'Novaci')
, (N'North Macedonia', N'Novo Selo')
, (N'North Macedonia', N'Ohrid')
, (N'North Macedonia', N'Pehcevo')
, (N'North Macedonia', N'Petrovec')
, (N'North Macedonia', N'Plasnica')
, (N'North Macedonia', N'Prilep')
, (N'North Macedonia', N'Probistip')
, (N'North Macedonia', N'Radovis')
, (N'North Macedonia', N'Rankovce')
, (N'North Macedonia', N'Resen')
, (N'North Macedonia', N'Rosoman')
, (N'North Macedonia', N'Skopje')
, (N'North Macedonia', N'Sopiste')
, (N'North Macedonia', N'Staro Nagoricane')
, (N'North Macedonia', N'Stip')
, (N'North Macedonia', N'Struga')
, (N'North Macedonia', N'Strumica')
, (N'North Macedonia', N'Studenicani')
, (N'North Macedonia', N'Sveti Nikole')
, (N'North Macedonia', N'Tearce')
, (N'North Macedonia', N'Tetovo')
, (N'North Macedonia', N'Valandovo')
, (N'North Macedonia', N'Vasilevo')
, (N'North Macedonia', N'Veles')
, (N'North Macedonia', N'Vevcani')
, (N'North Macedonia', N'Vinica')
, (N'North Macedonia', N'Vrapciste')
, (N'North Macedonia', N'Zelenikovo')
, (N'North Macedonia', N'Zelino')
, (N'North Macedonia', N'Zrnovci')
, (N'Northern Mariana Islands', N'Northern Islands')
, (N'Northern Mariana Islands', N'Rota')
, (N'Northern Mariana Islands', N'Saipan')
, (N'Northern Mariana Islands', N'Tinian')
, (N'Norway', N'Akershus')
, (N'Norway', N'Aust-Agder')
, (N'Norway', N'Buskerud')
, (N'Norway', N'Finnmark')
, (N'Norway', N'Hedmark')
, (N'Norway', N'Hordaland')
, (N'Norway', N'More og Romsdal')
, (N'Norway', N'Nordland')
, (N'Norway', N'Oppland')
, (N'Norway', N'Oslo')
, (N'Norway', N'Ostfold')
, (N'Norway', N'Rogaland')
, (N'Norway', N'Sogn og Fjordane')
, (N'Norway', N'Telemark')
, (N'Norway', N'Troms')
, (N'Norway', N'Trondelag')
, (N'Norway', N'Vest-Agder')
, (N'Norway', N'Vestfold')
, (N'Oman', N'Ad Dakhiliyah')
, (N'Oman', N'Al Buraymi')
, (N'Oman', N'Al Wusta')
, (N'Oman', N'Az Zahirah')
, (N'Oman', N'Janub al Batinah (Al Batinah South')
, (N'Oman', N'Janub ash Sharqiyah (Ash Sharqiyah South')
, (N'Oman', N'Masqat (Muscat')
, (N'Oman', N'Musandam')
, (N'Oman', N'Shamal al Batinah (Al Batinah North')
, (N'Oman', N'Shamal ash Sharqiyah (Ash Sharqiyah North')
, (N'Oman', N'Zufar (Dhofar');

insert into lesson1_db.coun_unit
values (N'Pakistan', N'Azad Kashmir')
, (N'Pakistan', N'Balochistan')
, (N'Pakistan', N'Gilgit-Baltistan')
, (N'Pakistan', N'Islamabad Capital Territory')
, (N'Pakistan', N'Khyber Pakhtunkhwa')
, (N'Pakistan', N'Punjab')
, (N'Pakistan', N'Sindh')
, (N'Palau', N'Aimeliik')
, (N'Palau', N'Airai')
, (N'Palau', N'Angaur')
, (N'Palau', N'Hatohobei')
, (N'Palau', N'Kayangel')
, (N'Palau', N'Koror')
, (N'Palau', N'Melekeok')
, (N'Palau', N'Ngaraard')
, (N'Palau', N'Ngarchelong')
, (N'Palau', N'Ngardmau')
, (N'Palau', N'Ngatpang')
, (N'Palau', N'Ngchesar')
, (N'Palau', N'Ngeremlengui')
, (N'Palau', N'Ngiwal')
, (N'Palau', N'Peleliu')
, (N'Palau', N'Sonsorol')
, (N'Panama', N'Bocas del Toro')
, (N'Panama', N'Chiriqui')
, (N'Panama', N'Cocle')
, (N'Panama', N'Colon')
, (N'Panama', N'Darien')
, (N'Panama', N'Embera-Wounaan')
, (N'Panama', N'Herrera')
, (N'Panama', N'Guna Yala')
, (N'Panama', N'Los Santos')
, (N'Panama', N'Ngobe-Bugle')
, (N'Panama', N'Panama')
, (N'Panama', N'Panama Oeste')
, (N'Panama', N'Veraguas')
, (N'Papua New Guinea', N'Bougainville')
, (N'Papua New Guinea', N'Central')
, (N'Papua New Guinea', N'Chimbu')
, (N'Papua New Guinea', N'Eastern Highlands')
, (N'Papua New Guinea', N'East New Britain')
, (N'Papua New Guinea', N'East Sepik')
, (N'Papua New Guinea', N'Enga')
, (N'Papua New Guinea', N'Gulf')
, (N'Papua New Guinea', N'Hela')
, (N'Papua New Guinea', N'Jiwaka')
, (N'Papua New Guinea', N'Madang')
, (N'Papua New Guinea', N'Manus')
, (N'Papua New Guinea', N'Milne Bay')
, (N'Papua New Guinea', N'Morobe')
, (N'Papua New Guinea', N'National Capital')
, (N'Papua New Guinea', N'New Ireland')
, (N'Papua New Guinea', N'Northern')
, (N'Papua New Guinea', N'Southern Highlands')
, (N'Papua New Guinea', N'Western')
, (N'Papua New Guinea', N'Western Highlands')
, (N'Papua New Guinea', N'West New Britain')
, (N'Papua New Guinea', N'West Sepik')
, (N'Paraguay', N'Alto Paraguay')
, (N'Paraguay', N'Alto Parana')
, (N'Paraguay', N'Amambay')
, (N'Paraguay', N'Asuncion')
, (N'Paraguay', N'Boqueron')
, (N'Paraguay', N'Caaguazu')
, (N'Paraguay', N'Caazapa')
, (N'Paraguay', N'Canindeyu')
, (N'Paraguay', N'Central')
, (N'Paraguay', N'Concepcion')
, (N'Paraguay', N'Cordillera')
, (N'Paraguay', N'Guaira')
, (N'Paraguay', N'Itapua')
, (N'Paraguay', N'Misiones')
, (N'Paraguay', N'Neembucu')
, (N'Paraguay', N'Paraguari')
, (N'Paraguay', N'Presidente Hayes')
, (N'Paraguay', N'San Pedro')
, (N'Peru', N'Amazonas')
, (N'Peru', N'Ancash')
, (N'Peru', N'Apurimac')
, (N'Peru', N'Arequipa')
, (N'Peru', N'Ayacucho')
, (N'Peru', N'Cajamarca')
, (N'Peru', N'Callao')
, (N'Peru', N'Cusco')
, (N'Peru', N'Huancavelica')
, (N'Peru', N'Huanuco')
, (N'Peru', N'Ica')
, (N'Peru', N'Junin')
, (N'Peru', N'La Libertad')
, (N'Peru', N'Lambayeque')
, (N'Peru', N'Lima')
, (N'Peru', N'Lima')
, (N'Peru', N'Loreto')
, (N'Peru', N'Madre de Dios')
, (N'Peru', N'Moquegua')
, (N'Peru', N'Pasco')
, (N'Peru', N'Piura')
, (N'Peru', N'Puno')
, (N'Peru', N'San Martin')
, (N'Peru', N'Tacna')
, (N'Peru', N'Tumbes')
, (N'Peru', N'Ucayali')
, (N'Philippines', N'Abra')
, (N'Philippines', N'Agusan del Norte')
, (N'Philippines', N'Agusan del Sur')
, (N'Philippines', N'Aklan')
, (N'Philippines', N'Albay')
, (N'Philippines', N'Antique')
, (N'Philippines', N'Apayao')
, (N'Philippines', N'Aurora')
, (N'Philippines', N'Basilan')
, (N'Philippines', N'Bataan')
, (N'Philippines', N'Batanes')
, (N'Philippines', N'Batangas')
, (N'Philippines', N'Biliran')
, (N'Philippines', N'Benguet')
, (N'Philippines', N'Bohol')
, (N'Philippines', N'Bukidnon')
, (N'Philippines', N'Bulacan')
, (N'Philippines', N'Cagayan')
, (N'Philippines', N'Camarines Norte')
, (N'Philippines', N'Camarines Sur')
, (N'Philippines', N'Camiguin')
, (N'Philippines', N'Capiz')
, (N'Philippines', N'Catanduanes')
, (N'Philippines', N'Cavite')
, (N'Philippines', N'Cebu')
, (N'Philippines', N'Compostela')
, (N'Philippines', N'Cotabato')
, (N'Philippines', N'Davao del Norte')
, (N'Philippines', N'Davao del Sur')
, (N'Philippines', N'Davao Occidental')
, (N'Philippines', N'Davao Oriental')
, (N'Philippines', N'Dinagat Islands')
, (N'Philippines', N'Eastern Samar')
, (N'Philippines', N'Guimaras')
, (N'Philippines', N'Ifugao')
, (N'Philippines', N'Ilocos Norte')
, (N'Philippines', N'Ilocos Sur')
, (N'Philippines', N'Iloilo')
, (N'Philippines', N'Isabela')
, (N'Philippines', N'Kalinga')
, (N'Philippines', N'Laguna')
, (N'Philippines', N'Lanao del Norte')
, (N'Philippines', N'Lanao del Sur')
, (N'Philippines', N'La Union')
, (N'Philippines', N'Leyte')
, (N'Philippines', N'Maguindanao')
, (N'Philippines', N'Marinduque')
, (N'Philippines', N'Masbate')
, (N'Philippines', N'Mindoro Occidental')
, (N'Philippines', N'Mindoro Oriental')
, (N'Philippines', N'Misamis Occidental')
, (N'Philippines', N'Misamis Oriental')
, (N'Philippines', N'Mountain')
, (N'Philippines', N'Negros Occidental')
, (N'Philippines', N'Negros Oriental')
, (N'Philippines', N'Northern Samar')
, (N'Philippines', N'Nueva Ecija')
, (N'Philippines', N'Nueva Vizcaya')
, (N'Philippines', N'Palawan')
, (N'Philippines', N'Pampanga')
, (N'Philippines', N'Pangasinan')
, (N'Philippines', N'Quezon')
, (N'Philippines', N'Quirino')
, (N'Philippines', N'Rizal')
, (N'Philippines', N'Romblon')
, (N'Philippines', N'Samar')
, (N'Philippines', N'Sarangani')
, (N'Philippines', N'Siquijor')
, (N'Philippines', N'Sorsogon')
, (N'Philippines', N'South Cotabato')
, (N'Philippines', N'Southern Leyte')
, (N'Philippines', N'Sultan Kudarat')
, (N'Philippines', N'Sulu')
, (N'Philippines', N'Surigao del Norte')
, (N'Philippines', N'Surigao del Sur')
, (N'Philippines', N'Tarlac')
, (N'Philippines', N'Tawi-Tawi')
, (N'Philippines', N'Zambales')
, (N'Philippines', N'Zamboanga del Norte')
, (N'Philippines', N'Zamboanga del Sur')
, (N'Philippines', N'Zamboanga Sibugay')
, (N'Pitcairn Islands', N'none (overseas territory of the UK')
, (N'Poland', N'Dolnoslaskie (Lower Silesia')
, (N'Poland', N'Kujawsko-Pomorskie (Kuyavia-Pomerania')
, (N'Poland', N'Lodzkie (Lodz')
, (N'Poland', N'Lubelskie (Lublin')
, (N'Poland', N'Lubuskie (Lubusz')
, (N'Poland', N'Malopolskie (Lesser Poland')
, (N'Poland', N'Mazowieckie (Masovia')
, (N'Poland', N'Opolskie (Opole')
, (N'Poland', N'Podkarpackie (Subcarpathia')
, (N'Poland', N'Podlaskie')
, (N'Poland', N'Pomorskie (Pomerania')
, (N'Poland', N'Slaskie (Silesia')
, (N'Poland', N'Swietokrzyskie (Holy Cross')
, (N'Poland', N'Warminsko-Mazurskie (Warmia-Masuria')
, (N'Poland', N'Wielkopolskie (Greater Poland')
, (N'Poland', N'Zachodniopomorskie (West Pomerania')
, (N'Portugal', N'Aveiro')
, (N'Portugal', N'Acores (Azores')
, (N'Portugal', N'Beja')
, (N'Portugal', N'Braga')
, (N'Portugal', N'Braganca')
, (N'Portugal', N'Castelo Branco')
, (N'Portugal', N'Coimbra')
, (N'Portugal', N'Evora')
, (N'Portugal', N'Faro')
, (N'Portugal', N'Guarda')
, (N'Portugal', N'Leiria')
, (N'Portugal', N'Lisboa')
, (N'Portugal', N'Madeira')
, (N'Portugal', N'Portalegre')
, (N'Portugal', N'Porto')
, (N'Portugal', N'Santarem')
, (N'Portugal', N'Setubal')
, (N'Portugal', N'Viana do Castelo')
, (N'Portugal', N'Vila Real')
, (N'Portugal', N'Viseu')
, (N'Puerto Rico', N'Adjuntas')
, (N'Puerto Rico', N'Aguada')
, (N'Puerto Rico', N'Aguadilla')
, (N'Puerto Rico', N'Aguas Buenas')
, (N'Puerto Rico', N'Aibonito')
, (N'Puerto Rico', N'Anasco')
, (N'Puerto Rico', N'Arecibo')
, (N'Puerto Rico', N'Arroyo')
, (N'Puerto Rico', N'Barceloneta')
, (N'Puerto Rico', N'Barranquitas')
, (N'Puerto Rico', N'Bayamon')
, (N'Puerto Rico', N'Cabo Rojo')
, (N'Puerto Rico', N'Caguas')
, (N'Puerto Rico', N'Camuy')
, (N'Puerto Rico', N'Canovanas')
, (N'Puerto Rico', N'Carolina')
, (N'Puerto Rico', N'Catano')
, (N'Puerto Rico', N'Cayey')
, (N'Puerto Rico', N'Ceiba')
, (N'Puerto Rico', N'Ciales')
, (N'Puerto Rico', N'Cidra')
, (N'Puerto Rico', N'Coamo')
, (N'Puerto Rico', N'Comerio')
, (N'Puerto Rico', N'Corozal')
, (N'Puerto Rico', N'Culebra')
, (N'Puerto Rico', N'Dorado')
, (N'Puerto Rico', N'Fajardo')
, (N'Puerto Rico', N'Florida')
, (N'Puerto Rico', N'Guanica')
, (N'Puerto Rico', N'Guayama')
, (N'Puerto Rico', N'Guayanilla')
, (N'Puerto Rico', N'Guaynabo')
, (N'Puerto Rico', N'Gurabo')
, (N'Puerto Rico', N'Hatillo')
, (N'Puerto Rico', N'Hormigueros')
, (N'Puerto Rico', N'Humacao')
, (N'Puerto Rico', N'Isabela')
, (N'Puerto Rico', N'Jayuya')
, (N'Puerto Rico', N'Juana Diaz')
, (N'Puerto Rico', N'Juncos')
, (N'Puerto Rico', N'Lajas')
, (N'Puerto Rico', N'Lares')
, (N'Puerto Rico', N'Las Marias')
, (N'Puerto Rico', N'Las Piedras')
, (N'Puerto Rico', N'Loiza')
, (N'Puerto Rico', N'Luquillo')
, (N'Puerto Rico', N'Manati')
, (N'Puerto Rico', N'Maricao')
, (N'Puerto Rico', N'Maunabo')
, (N'Puerto Rico', N'Mayaguez')
, (N'Puerto Rico', N'Moca')
, (N'Puerto Rico', N'Morovis')
, (N'Puerto Rico', N'Naguabo')
, (N'Puerto Rico', N'Naranjito')
, (N'Puerto Rico', N'Orocovis')
, (N'Puerto Rico', N'Patillas')
, (N'Puerto Rico', N'Penuelas')
, (N'Puerto Rico', N'Ponce')
, (N'Puerto Rico', N'Quebradillas')
, (N'Puerto Rico', N'Rincon')
, (N'Puerto Rico', N'Rio Grande')
, (N'Puerto Rico', N'Sabana Grande')
, (N'Puerto Rico', N'Salinas')
, (N'Puerto Rico', N'San German')
, (N'Puerto Rico', N'San Juan')
, (N'Puerto Rico', N'San Lorenzo')
, (N'Puerto Rico', N'San Sebastian')
, (N'Puerto Rico', N'Santa Isabel')
, (N'Puerto Rico', N'Toa Alta')
, (N'Puerto Rico', N'Toa Baja')
, (N'Puerto Rico', N'Trujillo Alto')
, (N'Puerto Rico', N'Utuado')
, (N'Puerto Rico', N'Vega Alta')
, (N'Puerto Rico', N'Vega Baja')
, (N'Puerto Rico', N'Vieques')
, (N'Puerto Rico', N'Villalba')
, (N'Puerto Rico', N'Yabucoa')
, (N'Puerto Rico', N'Yauco')
, (N'Qatar', N'Ad Dawhah')
, (N'Qatar', N'Al Khawr wa adh Dhakhirah')
, (N'Qatar', N'Al Wakrah')
, (N'Qatar', N'Ar Rayyan')
, (N'Qatar', N'Ash Shamal')
, (N'Qatar', N'Ash Shihaniyah')
, (N'Qatar', N'Az Za''ayin')
, (N'Qatar', N'Umm Salal')
, (N'Romania', N'Alba')
, (N'Romania', N'Arad')
, (N'Romania', N'Arges')
, (N'Romania', N'Bacau')
, (N'Romania', N'Bihor')
, (N'Romania', N'Bistrita-Nasaud')
, (N'Romania', N'Botosani')
, (N'Romania', N'Braila')
, (N'Romania', N'Brasov')
, (N'Romania', N'Bucharest')
, (N'Romania', N'Buzau')
, (N'Romania', N'Calarasi')
, (N'Romania', N'Caras-Severin')
, (N'Romania', N'Cluj')
, (N'Romania', N'Constanta')
, (N'Romania', N'Covasna')
, (N'Romania', N'Dambovita')
, (N'Romania', N'Dolj')
, (N'Romania', N'Galati')
, (N'Romania', N'Gorj')
, (N'Romania', N'Giurgiu')
, (N'Romania', N'Harghita')
, (N'Romania', N'Hunedoara')
, (N'Romania', N'Ialomita')
, (N'Romania', N'Iasi')
, (N'Romania', N'Ilfov')
, (N'Romania', N'Maramures')
, (N'Romania', N'Mehedinti')
, (N'Romania', N'Mures')
, (N'Romania', N'Neamt')
, (N'Romania', N'Olt')
, (N'Romania', N'Prahova')
, (N'Romania', N'Salaj')
, (N'Romania', N'Satu Mare')
, (N'Romania', N'Sibiu')
, (N'Romania', N'Suceava')
, (N'Romania', N'Teleorman')
, (N'Romania', N'Timis')
, (N'Romania', N'Tulcea')
, (N'Romania', N'Vaslui')
, (N'Romania', N'Valcea')
, (N'Romania', N'Vrancea');

insert into lesson1_db.coun_unit
values 
  (N'Russian Federation', N'Moscow')
, (N'Russian Federation', N'Saint Petersburg')
, (N'Russian Federation', N'Sevastopol')

, (N'Russian Federation', N'Amur oblast')
, (N'Russian Federation', N'Arkhangelsk oblast')
, (N'Russian Federation', N'Astrakhan oblast')
, (N'Russian Federation', N'Belgorod oblast')
, (N'Russian Federation', N'Bryansk oblast')
, (N'Russian Federation', N'Chelyabinsk oblast')
, (N'Russian Federation', N'Irkutsk oblast')
, (N'Russian Federation', N'Ivanovo oblast')
, (N'Russian Federation', N'Kaliningrad oblast')
, (N'Russian Federation', N'Kaluga oblast')
, (N'Russian Federation', N'Kemerovo oblast')
, (N'Russian Federation', N'Kirov oblast')
, (N'Russian Federation', N'Kostroma oblast')
, (N'Russian Federation', N'Kurgan oblast')
, (N'Russian Federation', N'Kursk oblast')
, (N'Russian Federation', N'Leningrad oblast')
, (N'Russian Federation', N'Lipetsk oblast')
, (N'Russian Federation', N'Magadan oblast')
, (N'Russian Federation', N'Moscow oblast')
, (N'Russian Federation', N'Murmansk oblast')
, (N'Russian Federation', N'Nizhny Novgorod oblast')
, (N'Russian Federation', N'Novgorod oblast')
, (N'Russian Federation', N'Novosibirsk oblast')
, (N'Russian Federation', N'Omsk oblast')
, (N'Russian Federation', N'Orenburg oblast')
, (N'Russian Federation', N'Orel oblast')
, (N'Russian Federation', N'Penza oblast')
, (N'Russian Federation', N'Pskov oblast')
, (N'Russian Federation', N'Rostov oblast')
, (N'Russian Federation', N'Ryazan oblast')
, (N'Russian Federation', N'Sakhalin')
, (N'Russian Federation', N'Samara oblast')
, (N'Russian Federation', N'Saratov oblast')
, (N'Russian Federation', N'Smolensk oblast')
, (N'Russian Federation', N'Sverdlovsk oblast')
, (N'Russian Federation', N'Tambov oblast')
, (N'Russian Federation', N'Tomsk oblast')
, (N'Russian Federation', N'Tula oblast')
, (N'Russian Federation', N'Tver oblast')
, (N'Russian Federation', N'Tyumen oblast')
, (N'Russian Federation', N'Ulyanovsk oblast')
, (N'Russian Federation', N'Vladimir oblast')
, (N'Russian Federation', N'Volgograd oblast')
, (N'Russian Federation', N'Vologda oblast')
, (N'Russian Federation', N'Voronezh oblast')
, (N'Russian Federation', N'Yaroslavl oblast')
, (N'Russian Federation', N'Adygea')
, (N'Russian Federation', N'Altai Republic')
, (N'Russian Federation', N'Bashkortostan')
, (N'Russian Federation', N'Buryatia')
, (N'Russian Federation', N'Chechen Republic')
, (N'Russian Federation', N'Chuvash Republic')
, (N'Russian Federation', N'Dagestan')
, (N'Russian Federation', N'Ingushetia')
, (N'Russian Federation', N'Kabardino-Balkar Republic')
, (N'Russian Federation', N'Kalmykia')
, (N'Russian Federation', N'Karachay-Cherkess Republic')
, (N'Russian Federation', N'Karelia')
, (N'Russian Federation', N'Khakasiya')
, (N'Russian Federation', N'Komi Republic')
, (N'Russian Federation', N'Mari El Republic')
, (N'Russian Federation', N'Mordovia')
, (N'Russian Federation', N'North Ossetia-Alania ')
, (N'Russian Federation', N'Sakha (Yakutia) Republic')
, (N'Russian Federation', N'Tatarstan')
, (N'Russian Federation', N'Tuva Republic')
, (N'Russian Federation', N'Udmurt Republic')
, (N'Russian Federation', N'Chukotka Autonomous Okrug')
, (N'Russian Federation', N'Khanty-Mansi-Yugra')
, (N'Russian Federation', N'Yamalo-Nenets Autonomous Okrug')
, (N'Russian Federation', N'Nenets Autonomous Okrug')
, (N'Russian Federation', N'Altai Krai')
, (N'Russian Federation', N'Kamchatka Krai')
, (N'Russian Federation', N'Khabarovsk Krai')
, (N'Russian Federation', N'Krasnodar Krai')
, (N'Russian Federation', N'Krasnoyarsk Krai')
, (N'Russian Federation', N'Perm Krai')
, (N'Russian Federation', N'Primorsky Krai')
, (N'Russian Federation', N'Stavropol Krai')
, (N'Russian Federation', N'Zabaykalsky Krai')
, (N'Russian Federation', N'Jewish Autonomous Oblast')
, (N'Russian Federation', N'Khakassia')
, (N'Russian Federation', N'Republic of Crimea')
, (N'Russian Federation', N'Sakhalin Oblast');

insert into lesson1_db.coun_unit
values (N'Rwanda', N'Est (Eastern')
, (N'Rwanda', N'Kigali')
, (N'Rwanda', N'Nord (Northern')
, (N'Rwanda', N'Ouest (Western')
, (N'Rwanda', N'Sud (Southern')
, (N'Saint Helena, Ascension, and Tristan da Cunha', N'Ascension')
, (N'Saint Helena, Ascension, and Tristan da Cunha', N'Saint Helena')
, (N'Saint Helena, Ascension, and Tristan da Cunha', N'Tristan da Cunha')
, (N'Saint Kitts and Nevis', N'Christ Church Nichola Town')
, (N'Saint Kitts and Nevis', N'Saint Anne Sandy Point')
, (N'Saint Kitts and Nevis', N'Saint George Basseterre')
, (N'Saint Kitts and Nevis', N'Saint George Gingerland')
, (N'Saint Kitts and Nevis', N'Saint James Windward')
, (N'Saint Kitts and Nevis', N'Saint John Capesterre')
, (N'Saint Kitts and Nevis', N'Saint John Figtree')
, (N'Saint Kitts and Nevis', N'Saint Mary Cayon')
, (N'Saint Kitts and Nevis', N'Saint Paul Capesterre')
, (N'Saint Kitts and Nevis', N'Saint Paul Charlestown')
, (N'Saint Kitts and Nevis', N'Saint Peter Basseterre')
, (N'Saint Kitts and Nevis', N'Saint Thomas Lowland')
, (N'Saint Kitts and Nevis', N'Saint Thomas Middle Island')
, (N'Saint Kitts and Nevis', N'Trinity Palmetto Point')
, (N'Saint Lucia', N'Anse-la-Raye')
, (N'Saint Lucia', N'Canaries')
, (N'Saint Lucia', N'Castries')
, (N'Saint Lucia', N'Choiseul')
, (N'Saint Lucia', N'Dennery')
, (N'Saint Lucia', N'Gros-Islet')
, (N'Saint Lucia', N'Laborie')
, (N'Saint Lucia', N'Micoud')
, (N'Saint Lucia', N'Soufriere')
, (N'Saint Lucia', N'Vieux-Fort')
, (N'Saint Pierre and Miquelon', N'Miquelon')
, (N'Saint Vincent and the Grenadines', N'Charlotte')
, (N'Saint Vincent and the Grenadines', N'Grenadines')
, (N'Saint Vincent and the Grenadines', N'Saint Andrew')
, (N'Saint Vincent and the Grenadines', N'Saint David')
, (N'Saint Vincent and the Grenadines', N'Saint George')
, (N'Saint Vincent and the Grenadines', N'Saint Patrick')
, (N'Samoa', N'A''ana')
, (N'Samoa', N'Aiga-i-le-Tai')
, (N'Samoa', N'Atua')
, (N'Samoa', N'Fa''asaleleaga')
, (N'Samoa', N'Gaga''emauga')
, (N'Samoa', N'Gagaifomauga')
, (N'Samoa', N'Palauli')
, (N'Samoa', N'Satupa''itea')
, (N'Samoa', N'Tuamasaga')
, (N'Samoa', N'Va''a-o-Fonoti')
, (N'Samoa', N'Vaisigano')
, (N'San Marino', N'Acquaviva')
, (N'San Marino', N'Borgo Maggiore')
, (N'San Marino', N'Chiesanuova')
, (N'San Marino', N'Domagnano')
, (N'San Marino', N'Faetano')
, (N'San Marino', N'Fiorentino')
, (N'San Marino', N'Montegiardino')
, (N'San Marino', N'San Marino Citta')
, (N'San Marino', N'Serravalle')
, (N'Sao Tome and Principe', N'Agua Grande')
, (N'Sao Tome and Principe', N'Cantagalo')
, (N'Sao Tome and Principe', N'Caue')
, (N'Sao Tome and Principe', N'Lemba')
, (N'Sao Tome and Principe', N'Lobata')
, (N'Sao Tome and Principe', N'Me-Zochi')
, (N'Sao Tome and Principe', N'Principe')
, (N'Saudi Arabia', N'Al Bahah')
, (N'Saudi Arabia', N'Al Hudud ash Shamaliyah (Northern Border')
, (N'Saudi Arabia', N'Al Jawf')
, (N'Saudi Arabia', N'Al Madinah al Munawwarah (Medina')
, (N'Saudi Arabia', N'Al Qasim')
, (N'Saudi Arabia', N'Ar Riyad (Riyadh')
, (N'Saudi Arabia', N'Ash Sharqiyah (Eastern')
, (N'Saudi Arabia', N'''Asir')
, (N'Saudi Arabia', N'Ha''il')
, (N'Saudi Arabia', N'Jazan')
, (N'Saudi Arabia', N'Makkah al Mukarramah (Mecca')
, (N'Saudi Arabia', N'Najran')
, (N'Saudi Arabia', N'Tabuk')
, (N'Senegal', N'Dakar')
, (N'Senegal', N'Diourbel')
, (N'Senegal', N'Fatick')
, (N'Senegal', N'Kaffrine')
, (N'Senegal', N'Kaolack')
, (N'Senegal', N'Kedougou')
, (N'Senegal', N'Kolda')
, (N'Senegal', N'Louga')
, (N'Senegal', N'Matam')
, (N'Senegal', N'Saint-Louis')
, (N'Senegal', N'Sedhiou')
, (N'Senegal', N'Tambacounda')
, (N'Senegal', N'Thies')
, (N'Senegal', N'Ziguinchor');

insert into lesson1_db.coun_unit
values (N'Serbia', N'Ada')
, (N'Serbia', N'Aleksandrovac')
, (N'Serbia', N'Aleksinac')
, (N'Serbia', N'Alibunar')
, (N'Serbia', N'Apatin')
, (N'Serbia', N'Arandelovac')
, (N'Serbia', N'Arilje')
, (N'Serbia', N'Babusnica')
, (N'Serbia', N'Bac')
, (N'Serbia', N'Backa Palanka')
, (N'Serbia', N'Backa Topola')
, (N'Serbia', N'Backi Petrovac')
, (N'Serbia', N'Bajina Basta')
, (N'Serbia', N'Batocina')
, (N'Serbia', N'Becej')
, (N'Serbia', N'Bela Crkva*')
, (N'Serbia', N'Bela Palanka')
, (N'Serbia', N'Beocin*')
, (N'Serbia', N'Blace')
, (N'Serbia', N'Bogatic')
, (N'Serbia', N'Bojnik')
, (N'Serbia', N'Boljevac')
, (N'Serbia', N'Bor')
, (N'Serbia', N'Bosilegrad')
, (N'Serbia', N'Brus')
, (N'Serbia', N'Bujanovac')
, (N'Serbia', N'Cajetina')
, (N'Serbia', N'Cicevac')
, (N'Serbia', N'Coka*')
, (N'Serbia', N'Crna Trava')
, (N'Serbia', N'Cuprija')
, (N'Serbia', N'Despotovac')
, (N'Serbia', N'Dimitrov')
, (N'Serbia', N'Doljevac')
, (N'Serbia', N'Gadzin Han')
, (N'Serbia', N'Golubac')
, (N'Serbia', N'Gornji Milanovac')
, (N'Serbia', N'Indija*')
, (N'Serbia', N'Irig*')
, (N'Serbia', N'Ivanjica')
, (N'Serbia', N'Kanjiza*')
, (N'Serbia', N'Kladovo')
, (N'Serbia', N'Knic')
, (N'Serbia', N'Knjazevac')
, (N'Serbia', N'Koceljeva')
, (N'Serbia', N'Kosjeric')
, (N'Serbia', N'Kovacica*')
, (N'Serbia', N'Kovin*')
, (N'Serbia', N'Krupanj')
, (N'Serbia', N'Kucevo')
, (N'Serbia', N'Kula*')
, (N'Serbia', N'Kursumlija')
, (N'Serbia', N'Lajkovac')
, (N'Serbia', N'Lapovo')
, (N'Serbia', N'Lebane')
, (N'Serbia', N'Ljig')
, (N'Serbia', N'Ljubovija')
, (N'Serbia', N'Lucani')
, (N'Serbia', N'Majdanpek')
, (N'Serbia', N'Mali Idos*')
, (N'Serbia', N'Mali Zvornik')
, (N'Serbia', N'Malo Crnice')
, (N'Serbia', N'Medveda')
, (N'Serbia', N'Merosina')
, (N'Serbia', N'Mionica')
, (N'Serbia', N'Negotin')
, (N'Serbia', N'Nova Crnja*')
, (N'Serbia', N'Nova Varos')
, (N'Serbia', N'Novi Becej*')
, (N'Serbia', N'Novi Knezevac*')
, (N'Serbia', N'Odzaci*')
, (N'Serbia', N'Opovo*')
, (N'Serbia', N'Osecina')
, (N'Serbia', N'Paracin')
, (N'Serbia', N'Pecinci*')
, (N'Serbia', N'Petrovac na Mlavi')
, (N'Serbia', N'Plandiste*')
, (N'Serbia', N'Pozega')
, (N'Serbia', N'Presevo')
, (N'Serbia', N'Priboj')
, (N'Serbia', N'Prijepolje')
, (N'Serbia', N'Prokuplje')
, (N'Serbia', N'Raca')
, (N'Serbia', N'Raska')
, (N'Serbia', N'Razanj')
, (N'Serbia', N'Rekovac')
, (N'Serbia', N'Ruma*')
, (N'Serbia', N'Secanj*')
, (N'Serbia', N'Senta*')
, (N'Serbia', N'Sid*')
, (N'Serbia', N'Sjenica')
, (N'Serbia', N'Smederevska Palanka')
, (N'Serbia', N'Sokobanja')
, (N'Serbia', N'Srbobran*')
, (N'Serbia', N'Sremski Karlovci*')
, (N'Serbia', N'Stara Pazova*')
, (N'Serbia', N'Surdulica')
, (N'Serbia', N'Svilajnac')
, (N'Serbia', N'Svrljig')
, (N'Serbia', N'Temerin*')
, (N'Serbia', N'Titel*')
, (N'Serbia', N'Topola')
, (N'Serbia', N'Trgoviste')
, (N'Serbia', N'Trstenik')
, (N'Serbia', N'Tutin')
, (N'Serbia', N'Ub')
, (N'Serbia', N'Varvarin')
, (N'Serbia', N'Velika Plana')
, (N'Serbia', N'Veliko Gradiste')
, (N'Serbia', N'Vladicin Han')
, (N'Serbia', N'Vladimirci')
, (N'Serbia', N'Vlasotince')
, (N'Serbia', N'Vrbas*')
, (N'Serbia', N'Vrnjacka Banja')
, (N'Serbia', N'Zabalj*')
, (N'Serbia', N'Zabari')
, (N'Serbia', N'Zagubica')
, (N'Serbia', N'Zitiste*')
, (N'Serbia', N'Zitorada')

, (N'Seychelles', N'Anse aux Pins')
, (N'Seychelles', N'Anse Boileau')
, (N'Seychelles', N'Anse Etoile')
, (N'Seychelles', N'Anse Royale')
, (N'Seychelles', N'Au Cap')
, (N'Seychelles', N'Baie Lazare')
, (N'Seychelles', N'Baie Sainte Anne')
, (N'Seychelles', N'Beau Vallon')
, (N'Seychelles', N'Bel Air')
, (N'Seychelles', N'Bel Ombre')
, (N'Seychelles', N'Cascade')
, (N'Seychelles', N'Glacis')
, (N'Seychelles', N'Grand Anse Mahe')
, (N'Seychelles', N'Grand Anse Praslin')
, (N'Seychelles', N'Inner Islands')
, (N'Seychelles', N'La Riviere Anglaise')
, (N'Seychelles', N'Les Mamalles')
, (N'Seychelles', N'Mont Buxton')
, (N'Seychelles', N'Mont Fleuri')
, (N'Seychelles', N'Plaisance')
, (N'Seychelles', N'Pointe Larue')
, (N'Seychelles', N'Port Glaud')
, (N'Seychelles', N'Roche Caiman')
, (N'Seychelles', N'Saint Louis')
, (N'Seychelles', N'Takamaka')
, (N'Sierra Leone', N'Eastern')
, (N'Sierra Leone', N'Northern')
, (N'Sierra Leone', N'North Western')
, (N'Sierra Leone', N'Southern')
, (N'Sierra Leone', N'Western')
, (N'Singapore', N'North East Development Council')
, (N'Singapore', N'South West Development Council')
, (N'Sint Maarten', N'none (part of the Kingdom of the Netherlands')
, (N'Slovakia', N'Banskobystricky')
, (N'Slovakia', N'Bratislavsky')
, (N'Slovakia', N'Kosicky')
, (N'Slovakia', N'Nitriansky')
, (N'Slovakia', N'Presovsky')
, (N'Slovakia', N'Trenciansky')
, (N'Slovakia', N'Trnavsky')
, (N'Slovakia', N'Zilinsky');

insert into lesson1_db.coun_unit
values (N'Slovenia', N'201 municipalities (obcine')
, (N'Slovenia', N'Ajdovscina')
, (N'Slovenia', N'Ankaran')
, (N'Slovenia', N'Apace')
, (N'Slovenia', N'Beltinci')
, (N'Slovenia', N'Benedikt')
, (N'Slovenia', N'Bistrica ob Sotli')
, (N'Slovenia', N'Bled')
, (N'Slovenia', N'Bloke')
, (N'Slovenia', N'Bohinj')
, (N'Slovenia', N'Borovnica')
, (N'Slovenia', N'Bovec')
, (N'Slovenia', N'Braslovce')
, (N'Slovenia', N'Brda')
, (N'Slovenia', N'Brezice')
, (N'Slovenia', N'Brezovica')
, (N'Slovenia', N'Cankova')
, (N'Slovenia', N'Cerklje na Gorenjskem')
, (N'Slovenia', N'Cerknica')
, (N'Slovenia', N'Cerkno')
, (N'Slovenia', N'Cerkvenjak')
, (N'Slovenia', N'Cirkulane')
, (N'Slovenia', N'Crensovci')
, (N'Slovenia', N'Crna na Koroskem')
, (N'Slovenia', N'Crnomelj')
, (N'Slovenia', N'Destrnik')
, (N'Slovenia', N'Divaca')
, (N'Slovenia', N'Dobje')
, (N'Slovenia', N'Dobrepolje')
, (N'Slovenia', N'Dobrna')
, (N'Slovenia', N'Dobrova-Polhov Gradec')
, (N'Slovenia', N'Dobrovnik/Dobronak')
, (N'Slovenia', N'Dolenjske Toplice')
, (N'Slovenia', N'Dol pri Ljubljani')
, (N'Slovenia', N'Domzale')
, (N'Slovenia', N'Dornava')
, (N'Slovenia', N'Dravograd')
, (N'Slovenia', N'Duplek')
, (N'Slovenia', N'Gorenja Vas-Poljane')
, (N'Slovenia', N'Gorisnica')
, (N'Slovenia', N'Gorje')
, (N'Slovenia', N'Gornja Radgona')
, (N'Slovenia', N'Gornji Grad')
, (N'Slovenia', N'Gornji Petrovci')
, (N'Slovenia', N'Grad')
, (N'Slovenia', N'Grosuplje')
, (N'Slovenia', N'Hajdina')
, (N'Slovenia', N'Hoce-Slivnica')
, (N'Slovenia', N'Hodos')
, (N'Slovenia', N'Horjul')
, (N'Slovenia', N'Hrastnik')
, (N'Slovenia', N'Hrpelje-Kozina')
, (N'Slovenia', N'Idrija')
, (N'Slovenia', N'Ig')
, (N'Slovenia', N'Ilirska Bistrica')
, (N'Slovenia', N'Ivancna Gorica')
, (N'Slovenia', N'Izola/Isola')
, (N'Slovenia', N'Jesenice')
, (N'Slovenia', N'Jezersko')
, (N'Slovenia', N'Jursinci')
, (N'Slovenia', N'Kamnik')
, (N'Slovenia', N'Kanal')
, (N'Slovenia', N'Kidricevo')
, (N'Slovenia', N'Kobarid')
, (N'Slovenia', N'Kobilje')
, (N'Slovenia', N'Kocevje')
, (N'Slovenia', N'Komen')
, (N'Slovenia', N'Komenda')
, (N'Slovenia', N'Kosanjevica na Krki')
, (N'Slovenia', N'Kostel')
, (N'Slovenia', N'Kozje')
, (N'Slovenia', N'Kranjska Gora')
, (N'Slovenia', N'Krizevci')
, (N'Slovenia', N'Krsko')
, (N'Slovenia', N'Kungota')
, (N'Slovenia', N'Kuzma')
, (N'Slovenia', N'Lasko')
, (N'Slovenia', N'Lenart')
, (N'Slovenia', N'Lendava/Lendva')
, (N'Slovenia', N'Litija')
, (N'Slovenia', N'Ljubno')
, (N'Slovenia', N'Ljutomer')
, (N'Slovenia', N'Log-Dragomer')
, (N'Slovenia', N'Logatec')
, (N'Slovenia', N'Loska Dolina')
, (N'Slovenia', N'Loski Potok')
, (N'Slovenia', N'Lovrenc na Pohorju')
, (N'Slovenia', N'Luce')
, (N'Slovenia', N'Lukovica')
, (N'Slovenia', N'Majsperk')
, (N'Slovenia', N'Makole')
, (N'Slovenia', N'Markovci')
, (N'Slovenia', N'Medvode')
, (N'Slovenia', N'Menges')
, (N'Slovenia', N'Metlika')
, (N'Slovenia', N'Mezica')
, (N'Slovenia', N'Miklavz na Dravskem Polju')
, (N'Slovenia', N'Miren-Kostanjevica')
, (N'Slovenia', N'Mirna')
, (N'Slovenia', N'Mirna Pec')
, (N'Slovenia', N'Mislinja')
, (N'Slovenia', N'Mokronog-Trebelno')
, (N'Slovenia', N'Moravce')
, (N'Slovenia', N'Moravske Toplice')
, (N'Slovenia', N'Mozirje')
, (N'Slovenia', N'Muta')
, (N'Slovenia', N'Naklo')
, (N'Slovenia', N'Nazarje')
, (N'Slovenia', N'Odranci')
, (N'Slovenia', N'Oplotnica')
, (N'Slovenia', N'Ormoz')
, (N'Slovenia', N'Osilnica')
, (N'Slovenia', N'Pesnica')
, (N'Slovenia', N'Piran/Pirano')
, (N'Slovenia', N'Pivka')
, (N'Slovenia', N'Podcetrtek')
, (N'Slovenia', N'Podlehnik')
, (N'Slovenia', N'Podvelka')
, (N'Slovenia', N'Poljcane')
, (N'Slovenia', N'Polzela')
, (N'Slovenia', N'Postojna')
, (N'Slovenia', N'Prebold')
, (N'Slovenia', N'Preddvor')
, (N'Slovenia', N'Prevalje')
, (N'Slovenia', N'Puconci')
, (N'Slovenia', N'Race-Fram')
, (N'Slovenia', N'Radece')
, (N'Slovenia', N'Radenci')
, (N'Slovenia', N'Radlje ob Dravi')
, (N'Slovenia', N'Radovljica')
, (N'Slovenia', N'Ravne na Koroskem')
, (N'Slovenia', N'Razkrizje')
, (N'Slovenia', N'Recica ob Savinji')
, (N'Slovenia', N'Rence-Vogrsko')
, (N'Slovenia', N'Ribnica')
, (N'Slovenia', N'Ribnica na Pohorju')
, (N'Slovenia', N'Rogaska Slatina')
, (N'Slovenia', N'Rogasovci')
, (N'Slovenia', N'Rogatec')
, (N'Slovenia', N'Ruse')
, (N'Slovenia', N'Selnica ob Dravi')
, (N'Slovenia', N'Semic')
, (N'Slovenia', N'Sevnica')
, (N'Slovenia', N'Sezana')
, (N'Slovenia', N'Slovenska Bistrica')
, (N'Slovenia', N'Slovenske Konjice')
, (N'Slovenia', N'Sodrazica')
, (N'Slovenia', N'Solcava')
, (N'Slovenia', N'Sredisce ob Dravi')
, (N'Slovenia', N'Starse')
, (N'Slovenia', N'Straza')
, (N'Slovenia', N'Sveta Ana')
, (N'Slovenia', N'Sveta Trojica v Slovenskih Goricah')
, (N'Slovenia', N'Sveti Andraz v Slovenskih Goricah')
, (N'Slovenia', N'Sveti Jurij ob Scavnici')
, (N'Slovenia', N'Sveti Jurij v Slovenskih Goricah')
, (N'Slovenia', N'Sveti Tomaz')
, (N'Slovenia', N'Salovci')
, (N'Slovenia', N'Sempeter-Vrtojba')
, (N'Slovenia', N'Sencur')
, (N'Slovenia', N'Sentilj')
, (N'Slovenia', N'Sentjernej')
, (N'Slovenia', N'Sentjur')
, (N'Slovenia', N'Sentrupert')
, (N'Slovenia', N'Skocjan')
, (N'Slovenia', N'Skofja Loka')
, (N'Slovenia', N'Skofljica')
, (N'Slovenia', N'Smarje pri Jelsah')
, (N'Slovenia', N'Smarjeske Toplice')
, (N'Slovenia', N'Smartno ob Paki')
, (N'Slovenia', N'Smartno pri Litiji')
, (N'Slovenia', N'Sostanj')
, (N'Slovenia', N'Store')
, (N'Slovenia', N'Tabor')
, (N'Slovenia', N'Tisina')
, (N'Slovenia', N'Tolmin')
, (N'Slovenia', N'Trbovlje')
, (N'Slovenia', N'Trebnje')
, (N'Slovenia', N'Trnovska Vas')
, (N'Slovenia', N'Trzic')
, (N'Slovenia', N'Trzin')
, (N'Slovenia', N'Turnisce')
, (N'Slovenia', N'Velika Polana')
, (N'Slovenia', N'Velike Lasce')
, (N'Slovenia', N'Verzej')
, (N'Slovenia', N'Videm')
, (N'Slovenia', N'Vipava')
, (N'Slovenia', N'Vitanje')
, (N'Slovenia', N'Vodice')
, (N'Slovenia', N'Vojnik')
, (N'Slovenia', N'Vransko')
, (N'Slovenia', N'Vrhnika')
, (N'Slovenia', N'Vuzenica')
, (N'Slovenia', N'Zagorje ob Savi')
, (N'Slovenia', N'Zalec')
, (N'Slovenia', N'Zavrc')
, (N'Slovenia', N'Zelezniki')
, (N'Slovenia', N'Zetale')
, (N'Slovenia', N'Ziri')
, (N'Slovenia', N'Zirovnica')
, (N'Slovenia', N'Zrece')

, (N'Solomon Islands', N'Central')
, (N'Solomon Islands', N'Choiseul')
, (N'Solomon Islands', N'Guadalcanal')
, (N'Solomon Islands', N'Honiara')
, (N'Solomon Islands', N'Isabel')
, (N'Solomon Islands', N'Makira and Ulawa')
, (N'Solomon Islands', N'Malaita')
, (N'Solomon Islands', N'Rennell and Bellona')
, (N'Solomon Islands', N'Temotu')
, (N'Solomon Islands', N'Western')
, (N'Somalia', N'Awdal')
, (N'Somalia', N'Bakool')
, (N'Somalia', N'Banaadir')
, (N'Somalia', N'Bari')
, (N'Somalia', N'Bay')
, (N'Somalia', N'Galguduud')
, (N'Somalia', N'Gedo')
, (N'Somalia', N'Hiiraan')
, (N'Somalia', N'Jubbada Dhexe (Middle Jubba')
, (N'Somalia', N'Jubbada Hoose (Lower Jubba')
, (N'Somalia', N'Mudug')
, (N'Somalia', N'Nugaal')
, (N'Somalia', N'Sanaag')
, (N'Somalia', N'Shabeellaha Dhexe (Middle Shabeelle')
, (N'Somalia', N'Shabeellaha Hoose (Lower Shabeelle')
, (N'Somalia', N'Sool')
, (N'Somalia', N'Togdheer')
, (N'Somalia', N'Woqooyi Galbeed')
, (N'South Africa', N'Eastern Cape')
, (N'South Africa', N'Free State')
, (N'South Africa', N'Gauteng')
, (N'South Africa', N'KwaZulu-Natal')
, (N'South Africa', N'Limpopo')
, (N'South Africa', N'Mpumalanga')
, (N'South Africa', N'Northern Cape')
, (N'South Africa', N'North West')
, (N'South Africa', N'Western Cape')
, (N'Spain', N'Pais Vasco (Castilian')
, (N'Spain', N'Euskadi (Basque) [Basque Country')
, (N'Spain', N'Penon de Alhucemas')
, (N'South Sudan', N'Central Equatoria')
, (N'South Sudan', N'Eastern Equatoria')
, (N'South Sudan', N'Jonglei')
, (N'South Sudan', N'Lakes')
, (N'South Sudan', N'Northern Bahr el Ghazal')
, (N'South Sudan', N'Unity')
, (N'South Sudan', N'Upper Nile')
, (N'South Sudan', N'Warrap')
, (N'South Sudan', N'Western Bahr el Ghazal')
, (N'South Sudan', N'Western Equatoria')
, (N'South Sudan', N'Pibor')
, (N'South Sudan', N'Ruweng')
, (N'South Sudan', N'Abyei')
, (N'Spain', N'Penon de Velez de la Gomera')
, (N'Sri Lanka', N'Central')
, (N'Sri Lanka', N'Eastern')
, (N'Sri Lanka', N'North Central')
, (N'Sri Lanka', N'Northern')
, (N'Sri Lanka', N'North Western')
, (N'Sri Lanka', N'Sabaragamuwa')
, (N'Sri Lanka', N'Southern')
, (N'Sri Lanka', N'Uva')
, (N'Sri Lanka', N'Western')
, (N'Sudan', N'Blue Nile')
, (N'Sudan', N'Central Darfur')
, (N'Sudan', N'East Darfur')
, (N'Sudan', N'Gedaref')
, (N'Sudan', N'Gezira')
, (N'Sudan', N'Kassala')
, (N'Sudan', N'Khartoum')
, (N'Sudan', N'North Darfur')
, (N'Sudan', N'North Kordofan')
, (N'Sudan', N'Northern')
, (N'Sudan', N'Red Sea')
, (N'Sudan', N'River Nile')
, (N'Sudan', N'Sennar')
, (N'Sudan', N'South Darfur')
, (N'Sudan', N'South Kordofan')
, (N'Sudan', N'West Darfur')
, (N'Sudan', N'West Kordofan')
, (N'Sudan', N'White Nile')
, (N'Suriname', N'Brokopondo')
, (N'Suriname', N'Commewijne')
, (N'Suriname', N'Coronie')
, (N'Suriname', N'Marowijne')
, (N'Suriname', N'Nickerie')
, (N'Suriname', N'Para')
, (N'Suriname', N'Paramaribo')
, (N'Suriname', N'Saramacca')
, (N'Suriname', N'Sipaliwini')
, (N'Suriname', N'Wanica')
, (N'Sweden', N'Blekinge')
, (N'Sweden', N'Dalarna')
, (N'Sweden', N'Gavleborg')
, (N'Sweden', N'Gotland')
, (N'Sweden', N'Halland')
, (N'Sweden', N'Jamtland')
, (N'Sweden', N'Jonkoping')
, (N'Sweden', N'Kalmar')
, (N'Sweden', N'Kronoberg')
, (N'Sweden', N'Norrbotten')
, (N'Sweden', N'Orebro')
, (N'Sweden', N'Ostergotland')
, (N'Sweden', N'Skane')
, (N'Sweden', N'Sodermanland')
, (N'Sweden', N'Stockholm')
, (N'Sweden', N'Uppsala')
, (N'Sweden', N'Varmland')
, (N'Sweden', N'Vasterbotten')
, (N'Sweden', N'Vasternorrland')
, (N'Sweden', N'Vastmanland')
, (N'Sweden', N'Vastra Gotaland')
, (N'Switzerland', N'Aargau')
, (N'Switzerland', N'Appenzell Ausserrhoden')
, (N'Switzerland', N'Appenzell Innerrhoden')
, (N'Switzerland', N'Basel-Landschaft')
, (N'Switzerland', N'Basel-Stadt')
, (N'Switzerland', N'Berne/Bern')
, (N'Switzerland', N'Fribourg/Freiburg')
, (N'Switzerland', N'Geneve (Geneva')
, (N'Switzerland', N'Glarus')
, (N'Switzerland', N'Graubuenden/Grigioni/Grischun')
, (N'Switzerland', N'Jura')
, (N'Switzerland', N'Luzern')
, (N'Switzerland', N'Neuchatel')
, (N'Switzerland', N'Nidwalden')
, (N'Switzerland', N'Obwalden')
, (N'Switzerland', N'Sankt Gallen')
, (N'Switzerland', N'Schaffhausen')
, (N'Switzerland', N'Schwyz')
, (N'Switzerland', N'Solothurn')
, (N'Switzerland', N'Thurgau')
, (N'Switzerland', N'Ticino')
, (N'Switzerland', N'Uri')
, (N'Switzerland', N'Valais/Wallis')
, (N'Switzerland', N'Vaud')
, (N'Switzerland', N'Zug')
, (N'Switzerland', N'Zuerich')
, (N'Switzerland', N'Appenzell Innerrhoden')
, (N'Switzerland', N'Basel-Landschaft')
, (N'Switzerland', N'Basel-Stadt')
, (N'Switzerland', N'Nidwalden')
, (N'Syria', N'Al Hasakah')
, (N'Syria', N'Al Ladhiqiyah (Latakia')
, (N'Syria', N'Al Qunaytirah')
, (N'Syria', N'Ar Raqqah')
, (N'Syria', N'As Suwayda')
, (N'Syria', N'Dar''a')
, (N'Syria', N'Dayr az Zawr')
, (N'Syria', N'Dimashq (Damascus')
, (N'Syria', N'Halab (Aleppo')
, (N'Syria', N'Hamah')
, (N'Syria', N'Hims (Homs')
, (N'Syria', N'Idlib')
, (N'Syria', N'Rif Dimashq (Damascus Countryside')
, (N'Syria', N'Tartus')
, (N'Taiwan', N'Chiayi')
, (N'Taiwan', N'Hsinchu')
, (N'Taiwan', N'Hualien')
, (N'Taiwan', N'Kinmen')
, (N'Taiwan', N'Lienchiang')
, (N'Taiwan', N'Miaoli')
, (N'Taiwan', N'Nantou')
, (N'Taiwan', N'Penghu')
, (N'Taiwan', N'Pingtung')
, (N'Taiwan', N'Taitung')
, (N'Taiwan', N'Yilan')
, (N'Taiwan', N'Yunlincities: Chiayi')
, (N'Taiwan', N'Hsinchu')
, (N'Taiwan', N'Kaohsiung (city')
, (N'Taiwan', N'New Taipei (city')
, (N'Taiwan', N'Taichung (city')
, (N'Taiwan', N'Tainan (city')
, (N'Taiwan', N'Taipei (city')
, (N'Taiwan', N'Taoyuan (city')
, (N'Tajikistan', N'Dushanbe')
, (N'Tajikistan', N'Khatlon (Bokhtar')
, (N'Tajikistan', N'Kuhistoni Badakhshon [Gorno-Badakhshan]* (Khorugh')
, (N'Tajikistan', N'Nohiyahoi Tobei Jumhuri')
, (N'Tajikistan', N'Sughd (Khujand')
, (N'Tanzania', N'Arusha')
, (N'Tanzania', N'Dar es Salaam')
, (N'Tanzania', N'Dodoma')
, (N'Tanzania', N'Geita')
, (N'Tanzania', N'Iringa')
, (N'Tanzania', N'Kagera')
, (N'Tanzania', N'Kaskazini Pemba (Pemba North')
, (N'Tanzania', N'Kaskazini Unguja (Zanzibar North')
, (N'Tanzania', N'Katavi')
, (N'Tanzania', N'Kigoma')
, (N'Tanzania', N'Kilimanjaro')
, (N'Tanzania', N'Kusini Pemba (Pemba South')
, (N'Tanzania', N'Kusini Unguja (Zanzibar Central/South')
, (N'Tanzania', N'Lindi')
, (N'Tanzania', N'Manyara')
, (N'Tanzania', N'Mara')
, (N'Tanzania', N'Mbeya')
, (N'Tanzania', N'Mjini Magharibi (Zanzibar Urban/West')
, (N'Tanzania', N'Morogoro')
, (N'Tanzania', N'Mtwara')
, (N'Tanzania', N'Mwanza')
, (N'Tanzania', N'Njombe')
, (N'Tanzania', N'Pwani (Coast')
, (N'Tanzania', N'Rukwa')
, (N'Tanzania', N'Ruvuma')
, (N'Tanzania', N'Shinyanga')
, (N'Tanzania', N'Simiyu')
, (N'Tanzania', N'Singida')
, (N'Tanzania', N'Songwe')
, (N'Tanzania', N'Tabora')
, (N'Tanzania', N'Tanga')
, (N'Thailand', N'Amnat Charoen')
, (N'Thailand', N'Ang Thong')
, (N'Thailand', N'Bueng Kan')
, (N'Thailand', N'Buri Ram')
, (N'Thailand', N'Chachoengsao')
, (N'Thailand', N'Chai Nat')
, (N'Thailand', N'Chaiyaphum')
, (N'Thailand', N'Chanthaburi')
, (N'Thailand', N'Chiang Mai')
, (N'Thailand', N'Chiang Rai')
, (N'Thailand', N'Chon Buri')
, (N'Thailand', N'Chumphon')
, (N'Thailand', N'Kalasin')
, (N'Thailand', N'Kamphaeng Phet')
, (N'Thailand', N'Kanchanaburi')
, (N'Thailand', N'Khon Kaen')
, (N'Thailand', N'Krabi')
, (N'Thailand', N'Krung Thep* (Bangkok')
, (N'Thailand', N'Lampang')
, (N'Thailand', N'Lamphun')
, (N'Thailand', N'Loei')
, (N'Thailand', N'Lop Buri')
, (N'Thailand', N'Mae Hong Son')
, (N'Thailand', N'Maha Sarakham')
, (N'Thailand', N'Mukdahan')
, (N'Thailand', N'Nakhon Nayok')
, (N'Thailand', N'Nakhon Pathom')
, (N'Thailand', N'Nakhon Phanom')
, (N'Thailand', N'Nakhon Ratchasima')
, (N'Thailand', N'Nakhon Sawan')
, (N'Thailand', N'Nakhon Si Thammarat')
, (N'Thailand', N'Nan')
, (N'Thailand', N'Narathiwat')
, (N'Thailand', N'Nong Bua Lamphu')
, (N'Thailand', N'Nong Khai')
, (N'Thailand', N'Nonthaburi')
, (N'Thailand', N'Pathum Thani')
, (N'Thailand', N'Pattani')
, (N'Thailand', N'Phangnga')
, (N'Thailand', N'Phatthalung')
, (N'Thailand', N'Phayao')
, (N'Thailand', N'Phetchabun')
, (N'Thailand', N'Phetchaburi')
, (N'Thailand', N'Phichit')
, (N'Thailand', N'Phitsanulok')
, (N'Thailand', N'Phra Nakhon Si Ayutthaya')
, (N'Thailand', N'Phrae')
, (N'Thailand', N'Phuket')
, (N'Thailand', N'Prachin Buri')
, (N'Thailand', N'Prachuap Khiri Khan')
, (N'Thailand', N'Ranong')
, (N'Thailand', N'Ratchaburi')
, (N'Thailand', N'Rayong')
, (N'Thailand', N'Roi Et')
, (N'Thailand', N'Sa Kaeo')
, (N'Thailand', N'Sakon Nakhon')
, (N'Thailand', N'Samut Prakan')
, (N'Thailand', N'Samut Sakhon')
, (N'Thailand', N'Samut Songkhram')
, (N'Thailand', N'Saraburi')
, (N'Thailand', N'Satun')
, (N'Thailand', N'Sing Buri')
, (N'Thailand', N'Si Sa Ket')
, (N'Thailand', N'Songkhla')
, (N'Thailand', N'Sukhothai')
, (N'Thailand', N'Suphan Buri')
, (N'Thailand', N'Surat Thani')
, (N'Thailand', N'Surin')
, (N'Thailand', N'Tak')
, (N'Thailand', N'Trang')
, (N'Thailand', N'Trat')
, (N'Thailand', N'Ubon Ratchathani')
, (N'Thailand', N'Udon Thani')
, (N'Thailand', N'Uthai Thani')
, (N'Thailand', N'Uttaradit')
, (N'Thailand', N'Yala')
, (N'Thailand', N'Yasothon')
, (N'Timor-Leste', N'Aileu')
, (N'Timor-Leste', N'Ainaro')
, (N'Timor-Leste', N'Baucau')
, (N'Timor-Leste', N'Bobonaro (Maliana')
, (N'Timor-Leste', N'Covalima (Suai')
, (N'Timor-Leste', N'Dili')
, (N'Timor-Leste', N'Ermera (Gleno')
, (N'Timor-Leste', N'Lautem (Lospalos')
, (N'Timor-Leste', N'Liquica')
, (N'Timor-Leste', N'Manatuto')
, (N'Timor-Leste', N'Manufahi (Same')
, (N'Timor-Leste', N'Oe-Cusse Ambeno* (Pante Macassar')
, (N'Timor-Leste', N'Viqueque')
, (N'Togo', N'Centrale')
, (N'Togo', N'Kara')
, (N'Togo', N'Maritime')
, (N'Togo', N'Plateaux')
, (N'Togo', N'Savanes')
, (N'Tokelau', N'none (territory of New Zealand')
, (N'Tonga', N'''Eua')
, (N'Tonga', N'Ha''apai')
, (N'Tonga', N'Ongo Niua')
, (N'Tonga', N'Tongatapu')
, (N'Tonga', N'Vava''u')
, (N'Trinidad and Tobago', N'9 regions')
, (N'Trinidad and Tobago', N'3 boroughs')
, (N'Trinidad and Tobago', N'2 cities')
, (N'Trinidad and Tobago', N'1 wardregions: Couva/Tabaquite/Talparo')
, (N'Trinidad and Tobago', N'Diego Martin')
, (N'Trinidad and Tobago', N'Mayaro/Rio Claro')
, (N'Trinidad and Tobago', N'Penal/Debe')
, (N'Trinidad and Tobago', N'Princes Town')
, (N'Trinidad and Tobago', N'Sangre Grande')
, (N'Trinidad and Tobago', N'San Juan/Laventille')
, (N'Trinidad and Tobago', N'Siparia')
, (N'Trinidad and Tobago', N'Tunapuna/Piarcoborough: Arima')
, (N'Trinidad and Tobago', N'Chaguanas')
, (N'Trinidad and Tobago', N'Point Fortincities: Port of Spain')
, (N'Trinidad and Tobago', N'San Fernandoward: Tobago')
, (N'Tunisia', N'Beja (Bajah')
, (N'Tunisia', N'Ben Arous (Bin ''Arus')
, (N'Tunisia', N'Bizerte (Banzart')
, (N'Tunisia', N'Gabes (Qabis')
, (N'Tunisia', N'Gafsa (Qafsah')
, (N'Tunisia', N'Jendouba (Jundubah')
, (N'Tunisia', N'Kairouan (Al Qayrawan')
, (N'Tunisia', N'Kasserine (Al Qasrayn')
, (N'Tunisia', N'Kebili (Qibili')
, (N'Tunisia', N'Kef (Al Kaf')
, (N'Tunisia', N'L''Ariana (Aryanah')
, (N'Tunisia', N'Mahdia (Al Mahdiyah')
, (N'Tunisia', N'Manouba (Manubah')
, (N'Tunisia', N'Medenine (Madanin')
, (N'Tunisia', N'Monastir (Al Munastir')
, (N'Tunisia', N'Nabeul (Nabul')
, (N'Tunisia', N'Sfax (Safaqis')
, (N'Tunisia', N'Sidi Bouzid (Sidi Bu Zayd')
, (N'Tunisia', N'Siliana (Silyanah')
, (N'Tunisia', N'Sousse (Susah')
, (N'Tunisia', N'Tataouine (Tatawin')
, (N'Tunisia', N'Tozeur (Tawzar')
, (N'Tunisia', N'Tunis')
, (N'Tunisia', N'Zaghouan (Zaghwan')
, (N'Turkey', N'Adana')
, (N'Turkey', N'Adiyaman')
, (N'Turkey', N'Afyonkarahisar')
, (N'Turkey', N'Agri')
, (N'Turkey', N'Aksaray')
, (N'Turkey', N'Amasya')
, (N'Turkey', N'Ankara')
, (N'Turkey', N'Antalya')
, (N'Turkey', N'Ardahan')
, (N'Turkey', N'Artvin')
, (N'Turkey', N'Aydin')
, (N'Turkey', N'Balikesir')
, (N'Turkey', N'Bartin')
, (N'Turkey', N'Batman')
, (N'Turkey', N'Bayburt')
, (N'Turkey', N'Bilecik')
, (N'Turkey', N'Bingol')
, (N'Turkey', N'Bitlis')
, (N'Turkey', N'Bolu')
, (N'Turkey', N'Burdur')
, (N'Turkey', N'Bursa')
, (N'Turkey', N'Canakkale')
, (N'Turkey', N'Cankiri')
, (N'Turkey', N'Corum')
, (N'Turkey', N'Denizli')
, (N'Turkey', N'Diyarbakir')
, (N'Turkey', N'Duzce')
, (N'Turkey', N'Edirne')
, (N'Turkey', N'Elazig')
, (N'Turkey', N'Erzincan')
, (N'Turkey', N'Erzurum')
, (N'Turkey', N'Eskisehir')
, (N'Turkey', N'Gaziantep')
, (N'Turkey', N'Giresun')
, (N'Turkey', N'Gumushane')
, (N'Turkey', N'Hakkari')
, (N'Turkey', N'Hatay')
, (N'Turkey', N'Igdir')
, (N'Turkey', N'Isparta')
, (N'Turkey', N'Istanbul')
, (N'Turkey', N'Izmir (Smyrna')
, (N'Turkey', N'Kahramanmaras')
, (N'Turkey', N'Karabuk')
, (N'Turkey', N'Karaman')
, (N'Turkey', N'Kars')
, (N'Turkey', N'Kastamonu')
, (N'Turkey', N'Kayseri')
, (N'Turkey', N'Kilis')
, (N'Turkey', N'Kirikkale')
, (N'Turkey', N'Kirklareli')
, (N'Turkey', N'Kirsehir')
, (N'Turkey', N'Kocaeli')
, (N'Turkey', N'Konya')
, (N'Turkey', N'Kutahya')
, (N'Turkey', N'Malatya')
, (N'Turkey', N'Manisa')
, (N'Turkey', N'Mardin')
, (N'Turkey', N'Mersin')
, (N'Turkey', N'Mugla')
, (N'Turkey', N'Mus')
, (N'Turkey', N'Nevsehir')
, (N'Turkey', N'Nigde')
, (N'Turkey', N'Ordu')
, (N'Turkey', N'Osmaniye')
, (N'Turkey', N'Rize')
, (N'Turkey', N'Sakarya')
, (N'Turkey', N'Samsun')
, (N'Turkey', N'Sanliurfa')
, (N'Turkey', N'Siirt')
, (N'Turkey', N'Sinop')
, (N'Turkey', N'Sirnak')
, (N'Turkey', N'Sivas')
, (N'Turkey', N'Tekirdag')
, (N'Turkey', N'Tokat')
, (N'Turkey', N'Trabzon (Trebizond')
, (N'Turkey', N'Tunceli')
, (N'Turkey', N'Usak')
, (N'Turkey', N'Van')
, (N'Turkey', N'Yalova')
, (N'Turkey', N'Yozgat')
, (N'Turkey', N'Zonguldak')
, (N'Turkmenistan', N'Ahal Welayaty (Anew')
, (N'Turkmenistan', N'Ashgabat')
, (N'Turkmenistan', N'Balkan Welayaty (Balkanabat')
, (N'Turkmenistan', N'Dasoguz Welayaty')
, (N'Turkmenistan', N'Lebap Welayaty (Turkmenabat')
, (N'Turkmenistan', N'Mary Welayaty')
, (N'Turks and Caicos Islands', N'none (overseas territory of the UK')
, (N'Tuvalu', N'Funafuti')
, (N'Tuvalu', N'Nanumaga')
, (N'Tuvalu', N'Nanumea')
, (N'Tuvalu', N'Niutao')
, (N'Tuvalu', N'Nui')
, (N'Tuvalu', N'Nukufetau')
, (N'Tuvalu', N'Nukulaelae')
, (N'Tuvalu', N'Vaitupu')
, (N'Uganda', N'Abim')
, (N'Uganda', N'Adjumani')
, (N'Uganda', N'Agago')
, (N'Uganda', N'Alebtong')
, (N'Uganda', N'Amolatar')
, (N'Uganda', N'Amudat')
, (N'Uganda', N'Amuria')
, (N'Uganda', N'Amuru')
, (N'Uganda', N'Apac')
, (N'Uganda', N'Arua')
, (N'Uganda', N'Budaka')
, (N'Uganda', N'Bududa')
, (N'Uganda', N'Bugiri')
, (N'Uganda', N'Bugweri')
, (N'Uganda', N'Buhweju')
, (N'Uganda', N'Buikwe')
, (N'Uganda', N'Bukedea')
, (N'Uganda', N'Bukomansimbi')
, (N'Uganda', N'Bukwo')
, (N'Uganda', N'Bulambuli')
, (N'Uganda', N'Buliisa')
, (N'Uganda', N'Bundibugyo')
, (N'Uganda', N'Bunyangabu')
, (N'Uganda', N'Bushenyi')
, (N'Uganda', N'Busia')
, (N'Uganda', N'Butaleja')
, (N'Uganda', N'Butambala')
, (N'Uganda', N'Butebo')
, (N'Uganda', N'Buvuma')
, (N'Uganda', N'Buyende')
, (N'Uganda', N'Dokolo')
, (N'Uganda', N'Gomba')
, (N'Uganda', N'Gulu')
, (N'Uganda', N'Hoima')
, (N'Uganda', N'Ibanda')
, (N'Uganda', N'Iganga')
, (N'Uganda', N'Isingiro')
, (N'Uganda', N'Jinja')
, (N'Uganda', N'Kaabong')
, (N'Uganda', N'Kabale')
, (N'Uganda', N'Kabarole')
, (N'Uganda', N'Kaberamaido')
, (N'Uganda', N'Kagadi')
, (N'Uganda', N'Kakumiro')
, (N'Uganda', N'Kalaki')
, (N'Uganda', N'Kalangala')
, (N'Uganda', N'Kaliro')
, (N'Uganda', N'Kalungu')
, (N'Uganda', N'Kampala')
, (N'Uganda', N'Kamuli')
, (N'Uganda', N'Kamwenge')
, (N'Uganda', N'Kanungu')
, (N'Uganda', N'Kapchorwa')
, (N'Uganda', N'Kapelebyong')
, (N'Uganda', N'Karenga')
, (N'Uganda', N'Kasese')
, (N'Uganda', N'Kasanda')
, (N'Uganda', N'Katakwi')
, (N'Uganda', N'Kayunga')
, (N'Uganda', N'Kazo')
, (N'Uganda', N'Kibaale')
, (N'Uganda', N'Kiboga')
, (N'Uganda', N'Kibuku')
, (N'Uganda', N'Kikuube')
, (N'Uganda', N'Kiruhura')
, (N'Uganda', N'Kiryandongo')
, (N'Uganda', N'Kisoro')
, (N'Uganda', N'Kitagwenda')
, (N'Uganda', N'Kitgum')
, (N'Uganda', N'Koboko')
, (N'Uganda', N'Kole')
, (N'Uganda', N'Kotido')
, (N'Uganda', N'Kumi')
, (N'Uganda', N'Kwania')
, (N'Uganda', N'Kween')
, (N'Uganda', N'Kyankwanzi')
, (N'Uganda', N'Kyegegwa')
, (N'Uganda', N'Kyenjojo')
, (N'Uganda', N'Kyotera')
, (N'Uganda', N'Lamwo')
, (N'Uganda', N'Lira')
, (N'Uganda', N'Luuka')
, (N'Uganda', N'Luwero')
, (N'Uganda', N'Lwengo')
, (N'Uganda', N'Lyantonde')
, (N'Uganda', N'Madi-Okollo')
, (N'Uganda', N'Manafwa')
, (N'Uganda', N'Maracha')
, (N'Uganda', N'Masaka')
, (N'Uganda', N'Masindi')
, (N'Uganda', N'Mayuge')
, (N'Uganda', N'Mbale')
, (N'Uganda', N'Mbarara')
, (N'Uganda', N'Mitooma')
, (N'Uganda', N'Mityana')
, (N'Uganda', N'Moroto')
, (N'Uganda', N'Moyo')
, (N'Uganda', N'Mpigi')
, (N'Uganda', N'Mubende')
, (N'Uganda', N'Mukono')
, (N'Uganda', N'Nabilatuk')
, (N'Uganda', N'Nakapiripirit')
, (N'Uganda', N'Nakaseke')
, (N'Uganda', N'Nakasongola')
, (N'Uganda', N'Namayingo')
, (N'Uganda', N'Namisindwa')
, (N'Uganda', N'Namutumba')
, (N'Uganda', N'Napak')
, (N'Uganda', N'Nebbi')
, (N'Uganda', N'Ngora')
, (N'Uganda', N'Ntoroko')
, (N'Uganda', N'Ntungamo')
, (N'Uganda', N'Nwoya')
, (N'Uganda', N'Obongi')
, (N'Uganda', N'Omoro')
, (N'Uganda', N'Otuke')
, (N'Uganda', N'Oyam')
, (N'Uganda', N'Pader')
, (N'Uganda', N'Pakwach')
, (N'Uganda', N'Pallisa')
, (N'Uganda', N'Rakai')
, (N'Uganda', N'Rubanda')
, (N'Uganda', N'Rubirizi')
, (N'Uganda', N'Rukiga')
, (N'Uganda', N'Rukungiri')
, (N'Uganda', N'Rwampara')
, (N'Uganda', N'Sembabule')
, (N'Uganda', N'Serere')
, (N'Uganda', N'Sheema')
, (N'Uganda', N'Sironko')
, (N'Uganda', N'Soroti')
, (N'Uganda', N'Tororo')
, (N'Uganda', N'Wakiso')
, (N'Uganda', N'Yumbe')
, (N'Uganda', N'Zombo')
, (N'Ukraine', N'Cherkasy')
, (N'Ukraine', N'Chernihiv')
, (N'Ukraine', N'Chernivtsi')
, (N'Ukraine', N'Crimea or Avtonomna Respublika Krym* (Simferopol')
, (N'Ukraine', N'Dnipropetrovsk (Dnipro')
, (N'Ukraine', N'Donetsk')
, (N'Ukraine', N'Ivano-Frankivsk')
, (N'Ukraine', N'Kharkiv')
, (N'Ukraine', N'Kherson')
, (N'Ukraine', N'Khmelnytskyi')
, (N'Ukraine', N'Kirovohrad (Kropyvnytskyi')
, (N'Ukraine', N'Kyiv')
, (N'Ukraine', N'Kyiv')
, (N'Ukraine', N'Luhansk')
, (N'Ukraine', N'Lviv')
, (N'Ukraine', N'Mykolaiv')
, (N'Ukraine', N'Odesa')
, (N'Ukraine', N'Poltava')
, (N'Ukraine', N'Rivne')
, (N'Ukraine', N'Sevastopol')
, (N'Ukraine', N'Sumy')
, (N'Ukraine', N'Ternopil')
, (N'Ukraine', N'Vinnytsia')
, (N'Ukraine', N'Volyn (Lutsk')
, (N'Ukraine', N'Zakarpattia (Uzhhorod')
, (N'Ukraine', N'Zaporizhzhia')
, (N'Ukraine', N'Zhytomyr')
, (N'United Arab Emirates', N'Abu Zaby (Abu Dhabi')
, (N'United Arab Emirates', N'''Ajman')
, (N'United Arab Emirates', N'Al Fujayrah')
, (N'United Arab Emirates', N'Ash Shariqah (Sharjah')
, (N'United Arab Emirates', N'Dubayy (Dubai')
, (N'United Arab Emirates', N'Ra''s al Khaymah')
, (N'United Arab Emirates', N'Umm al Qaywayn')
, (N'United Kingdom', N'unitary authorities: Blaenau Gwent')
, (N'United Kingdom', N'Bridgend')
, (N'United Kingdom', N'Caerphilly')
, (N'United Kingdom', N'Cardiff')
, (N'United Kingdom', N'Carmarthenshire')
, (N'United Kingdom', N'Ceredigion')
, (N'United Kingdom', N'Conwy')
, (N'United Kingdom', N'Denbighshire')
, (N'United Kingdom', N'Flintshire')
, (N'United Kingdom', N'Gwynedd')
, (N'United Kingdom', N'Isle of Anglesey')
, (N'United Kingdom', N'Merthyr Tydfil')
, (N'United Kingdom', N'Monmouthshire')
, (N'United Kingdom', N'Neath Port Talbot')
, (N'United Kingdom', N'Newport')
, (N'United Kingdom', N'Pembrokeshire')
, (N'United Kingdom', N'Powys')
, (N'United Kingdom', N'Rhondda Cynon Taff')
, (N'United Kingdom', N'Swansea')
, (N'United Kingdom', N'The Vale of Glamorgan')
, (N'United Kingdom', N'Torfaen')
, (N'United Kingdom', N'Wrexham')
, (N'United States', N'Alabama')
, (N'United States', N'Alaska')
, (N'United States', N'Arizona')
, (N'United States', N'Arkansas')
, (N'United States', N'California')
, (N'United States', N'Colorado')
, (N'United States', N'Connecticut')
, (N'United States', N'Delaware')
, (N'United States', N'District of Columbia')
, (N'United States', N'Florida')
, (N'United States', N'Georgia')
, (N'United States', N'Hawaii')
, (N'United States', N'Idaho')
, (N'United States', N'Illinois')
, (N'United States', N'Indiana')
, (N'United States', N'Iowa')
, (N'United States', N'Kansas')
, (N'United States', N'Kentucky')
, (N'United States', N'Louisiana')
, (N'United States', N'Maine')
, (N'United States', N'Maryland')
, (N'United States', N'Massachusetts')
, (N'United States', N'Michigan')
, (N'United States', N'Minnesota')
, (N'United States', N'Mississippi')
, (N'United States', N'Missouri')
, (N'United States', N'Montana')
, (N'United States', N'Nebraska')
, (N'United States', N'Nevada')
, (N'United States', N'New Hampshire')
, (N'United States', N'New Jersey')
, (N'United States', N'New Mexico')
, (N'United States', N'New York')
, (N'United States', N'North Carolina')
, (N'United States', N'North Dakota')
, (N'United States', N'Ohio')
, (N'United States', N'Oklahoma')
, (N'United States', N'Oregon')
, (N'United States', N'Pennsylvania')
, (N'United States', N'Rhode Island')
, (N'United States', N'South Carolina')
, (N'United States', N'South Dakota')
, (N'United States', N'Tennessee')
, (N'United States', N'Texas')
, (N'United States', N'Utah')
, (N'United States', N'Vermont')
, (N'United States', N'Virginia')
, (N'United States', N'Washington')
, (N'United States', N'West Virginia')
, (N'United States', N'Wisconsin')
, (N'United States', N'Wyoming')
, (N'Uruguay', N'Artigas')
, (N'Uruguay', N'Canelones')
, (N'Uruguay', N'Cerro Largo')
, (N'Uruguay', N'Colonia')
, (N'Uruguay', N'Durazno')
, (N'Uruguay', N'Flores')
, (N'Uruguay', N'Florida')
, (N'Uruguay', N'Lavalleja')
, (N'Uruguay', N'Maldonado')
, (N'Uruguay', N'Montevideo')
, (N'Uruguay', N'Paysandu')
, (N'Uruguay', N'Rio Negro')
, (N'Uruguay', N'Rivera')
, (N'Uruguay', N'Rocha')
, (N'Uruguay', N'Salto')
, (N'Uruguay', N'San Jose')
, (N'Uruguay', N'Soriano')
, (N'Uruguay', N'Tacuarembo')
, (N'Uruguay', N'Treinta y Tres')
, (N'Uzbekistan', N'Andijon Viloyati')
, (N'Uzbekistan', N'Buxoro Viloyati [Bukhara Province')
, (N'Uzbekistan', N'Farg''ona Viloyati [Fergana Province')
, (N'Uzbekistan', N'Jizzax Viloyati')
, (N'Uzbekistan', N'Namangan Viloyati')
, (N'Uzbekistan', N'Navoiy Viloyati')
, (N'Uzbekistan', N'Qashqadaryo Viloyati (Qarshi')
, (N'Uzbekistan', N'Qoraqalpog''iston Respublikasi [Karakalpakstan Republic]* (Nukus')
, (N'Uzbekistan', N'Samarqand Viloyati [Samarkand Province')
, (N'Uzbekistan', N'Sirdaryo Viloyati (Guliston')
, (N'Uzbekistan', N'Surxondaryo Viloyati (Termiz')
, (N'Uzbekistan', N'Toshkent Shahri [Tashkent City')
, (N'Uzbekistan', N'Toshkent Viloyati [Tashkent Province')
, (N'Uzbekistan', N'Xorazm Viloyati (Urganch')
, (N'Uzbekistan', N'note: administrative divisions have the same names as their administrative centers (exceptions have the administrative center name following in parentheses')
, (N'Vanuatu', N'Malampa')
, (N'Vanuatu', N'Penama')
, (N'Vanuatu', N'Sanma')
, (N'Vanuatu', N'Shefa')
, (N'Vanuatu', N'Tafea')
, (N'Vanuatu', N'Torba')
, (N'Vatican City', N'nonee')
, (N'Venezuela', N'Amazonas')
, (N'Venezuela', N'Anzoategui')
, (N'Venezuela', N'Apure')
, (N'Venezuela', N'Aragua')
, (N'Venezuela', N'Barinas')
, (N'Venezuela', N'Bolivar')
, (N'Venezuela', N'Carabobo')
, (N'Venezuela', N'Cojedes')
, (N'Venezuela', N'Delta Amacuro')
, (N'Venezuela', N'Dependencias Federales (Federal Dependencies')
, (N'Venezuela', N'Distrito Capital (Capital District')
, (N'Venezuela', N'Falcon')
, (N'Venezuela', N'Guarico')
, (N'Venezuela', N'Lara')
, (N'Venezuela', N'Merida')
, (N'Venezuela', N'Miranda')
, (N'Venezuela', N'Monagas')
, (N'Venezuela', N'Nueva Esparta')
, (N'Venezuela', N'Portuguesa')
, (N'Venezuela', N'Sucre')
, (N'Venezuela', N'Tachira')
, (N'Venezuela', N'Trujillo')
, (N'Venezuela', N'Vargas')
, (N'Venezuela', N'Yaracuy')
, (N'Venezuela', N'Zulia')
, (N'Vietnam', N'An Giang')
, (N'Vietnam', N'Bac Giang')
, (N'Vietnam', N'Bac Kan')
, (N'Vietnam', N'Bac Lieu')
, (N'Vietnam', N'Bac Ninh')
, (N'Vietnam', N'Ba Ria-Vung Tau')
, (N'Vietnam', N'Ben Tre')
, (N'Vietnam', N'Binh Dinh')
, (N'Vietnam', N'Binh Duong')
, (N'Vietnam', N'Binh Phuoc')
, (N'Vietnam', N'Binh Thuan')
, (N'Vietnam', N'Ca Mau')
, (N'Vietnam', N'Cao Bang')
, (N'Vietnam', N'Dak Lak')
, (N'Vietnam', N'Dak Nong')
, (N'Vietnam', N'Dien Bien')
, (N'Vietnam', N'Dong Nai')
, (N'Vietnam', N'Dong Thap')
, (N'Vietnam', N'Gia Lai')
, (N'Vietnam', N'Ha Giang')
, (N'Vietnam', N'Ha Nam')
, (N'Vietnam', N'Ha Tinh')
, (N'Vietnam', N'Hai Duong')
, (N'Vietnam', N'Hau Giang')
, (N'Vietnam', N'Hoa Binh')
, (N'Vietnam', N'Hung Yen')
, (N'Vietnam', N'Khanh Hoa')
, (N'Vietnam', N'Kien Giang')
, (N'Vietnam', N'Kon Tum')
, (N'Vietnam', N'Lai Chau')
, (N'Vietnam', N'Lam Dong')
, (N'Vietnam', N'Lang Son')
, (N'Vietnam', N'Lao Cai')
, (N'Vietnam', N'Long An')
, (N'Vietnam', N'Nam Dinh')
, (N'Vietnam', N'Nghe An')
, (N'Vietnam', N'Ninh Binh')
, (N'Vietnam', N'Ninh Thuan')
, (N'Vietnam', N'Phu Tho')
, (N'Vietnam', N'Phu Yen')
, (N'Vietnam', N'Quang Binh')
, (N'Vietnam', N'Quang Nam')
, (N'Vietnam', N'Quang Ngai')
, (N'Vietnam', N'Quang Ninh')
, (N'Vietnam', N'Quang Tri')
, (N'Vietnam', N'Soc Trang')
, (N'Vietnam', N'Son La')
, (N'Vietnam', N'Tay Ninh')
, (N'Vietnam', N'Thai Binh')
, (N'Vietnam', N'Thai Nguyen')
, (N'Vietnam', N'Thanh Hoa')
, (N'Vietnam', N'Thua Thien-Hue')
, (N'Vietnam', N'Tien Giang')
, (N'Vietnam', N'Tra Vinh')
, (N'Vietnam', N'Tuyen Quang')
, (N'Vietnam', N'Vinh Long')
, (N'Vietnam', N'Vinh Phuc')
, (N'Vietnam', N'Yen Baimunicipalities: Can Tho')
, (N'Vietnam', N'Da Nang')
, (N'Vietnam', N'Ha Noi (Hanoi')
, (N'Vietnam', N'Hai Phong')
, (N'Vietnam', N'Ho Chi Minh City (Saigon')
, (N'Virgin Islands', N'Saint Croix')
, (N'Virgin Islands', N'Saint John')
, (N'Virgin Islands', N'Saint Thomas')
, (N'Wallis and Futuna', N'Alo')
, (N'Wallis and Futuna', N'Sigave')
, (N'Wallis and Futuna', N'Uvea')
, (N'Western Sahara', N'Morocco also claims Oued Eddahab-Lagouira')
, (N'Yemen', N'Abyan')
, (N'Yemen', N'''Adan (Aden')
, (N'Yemen', N'Ad Dali')
, (N'Yemen', N'Al Bayda')
, (N'Yemen', N'Al Hudaydah')
, (N'Yemen', N'Al Jawf')
, (N'Yemen', N'Al Mahrah')
, (N'Yemen', N'Al Mahwit')
, (N'Yemen', N'Amanat al ''Asimah (Sanaa City')
, (N'Yemen', N'''Amran')
, (N'Yemen', N'Arkhabil Suqutra (Socotra Archipelago')
, (N'Yemen', N'Dhamar')
, (N'Yemen', N'Hadramawt')
, (N'Yemen', N'Hajjah')
, (N'Yemen', N'Ibb')
, (N'Yemen', N'Lahij')
, (N'Yemen', N'Ma''rib')
, (N'Yemen', N'Raymah')
, (N'Yemen', N'Sa''dah')
, (N'Yemen', N'San''a'' (Sanaa')
, (N'Yemen', N'Shabwah')
, (N'Yemen', N'Ta''izz')
, (N'Zambia', N'Central')
, (N'Zambia', N'Copperbelt')
, (N'Zambia', N'Eastern')
, (N'Zambia', N'Luapula')
, (N'Zambia', N'Lusaka')
, (N'Zambia', N'Muchinga')
, (N'Zambia', N'Northern')
, (N'Zambia', N'North-Western')
, (N'Zambia', N'Southern')
, (N'Zambia', N'Western')
, (N'Zimbabwe', N'Bulawayo')
, (N'Zimbabwe', N'Harare')
, (N'Zimbabwe', N'Manicaland')
, (N'Zimbabwe', N'Mashonaland Central')
, (N'Zimbabwe', N'Mashonaland East')
, (N'Zimbabwe', N'Mashonaland West')
, (N'Zimbabwe', N'Masvingo')
, (N'Zimbabwe', N'Matabeleland North')
, (N'Zimbabwe', N'Matabeleland South')
, (N'Zimbabwe', N'Midlands')
;

insert into lesson1_db.administrative_unit(country_id, unit_name)
select distinct
c.country_id, u.adm_unit_name
from lesson1_db.coun_unit as u
right join lesson1_db.country as c on u.country_name = c.country_name
;

-- удаляем временную таблицу страна - административная единица
drop table if exists lesson1_db.coun_unit;

-- заполняем крупные города
-- временная таблица, связь название страны - крупный город
create temporary table if not exists lesson1_db.coun_city(
	country_name nvarchar(4000)
	, city_name nvarchar(4000)
);

insert into lesson1_db.coun_city(country_name, city_name)
values (N'Azerbaijan', N'Baku')
, (N'Azerbaijan', N'Ganca')
, (N'Azerbaijan', N'Lankaran')
, (N'Azerbaijan', N'Mingacevir')
, (N'Azerbaijan', N'Naftalan')
, (N'Azerbaijan', N'Naxcivan (Nakhichevan)')
, (N'Azerbaijan', N'Saki')
, (N'Azerbaijan', N'Sirvan')
, (N'Azerbaijan', N'Sumqayit')
, (N'Azerbaijan', N'Xankandi')
, (N'Azerbaijan', N'Yevlax')

, (N'Georgia', N'Tbilisi')

, (N'Hungary', N'Veszprem')
, (N'Hungary', N'Bekescsaba')
, (N'Hungary', N'Debrecen')
, (N'Hungary', N'Dunaujvaros')
, (N'Hungary', N'Eger')
, (N'Hungary', N'Erd')
, (N'Hungary', N'Gyor')
, (N'Hungary', N'Hodmezovasarhely')
, (N'Hungary', N'Kaposvar')
, (N'Hungary', N'Kecskemet')
, (N'Hungary', N'Miskolc')
, (N'Hungary', N'Nagykanizsa')
, (N'Hungary', N'Nyiregyhaza')
, (N'Hungary', N'Pecs')
, (N'Hungary', N'Salgotarjan')
, (N'Hungary', N'Sopron')
, (N'Hungary', N'Szeged')
, (N'Hungary', N'Szekesfehervar')
, (N'Hungary', N'Szekszard')
, (N'Hungary', N'Szolnok')
, (N'Hungary', N'Szombathely')
, (N'Hungary', N'Tatabanya')
, (N'Hungary', N'Budapest')

, (N'Kazakhstan', N'Almaty')
, (N'Kazakhstan', N'Astana')
, (N'Kazakhstan', N'Bayqongyr')
, (N'Kazakhstan', N'Shymkent')

, (N'Korea, North', N'Nampo')
, (N'Korea, North', N'P''yongyang')
, (N'Korea, North', N'Rason')


, (N'Korea, South', N'Busan (Pusan')
, (N'Korea, South', N'Daegu (Taegu')
, (N'Korea, South', N'Daejeon (Taejon')
, (N'Korea, South', N'Gwangju (Kwangju')
, (N'Korea, South', N'Incheon (Inch''on')
, (N'Korea, South', N'Ulsan')
, (N'Korea, South', N'Seoul')
, (N'Korea, South', N'Sejong')

, (N'Latvia', N'Daugavpils')
, (N'Latvia', N'Jekabpils')
, (N'Latvia', N'Jelgava')
, (N'Latvia', N'Jurmala')
, (N'Latvia', N'Liepaja')
, (N'Latvia', N'Rezekne')
, (N'Latvia', N'Riga')
, (N'Latvia', N'Valmiera')
, (N'Latvia', N'Ventspils')

, (N'Philippines', N'Angeles')
, (N'Philippines', N'Bacolod')
, (N'Philippines', N'Baguio')
, (N'Philippines', N'Butuan')
, (N'Philippines', N'Cagayan de Oro')
, (N'Philippines', N'Caloocan')
, (N'Philippines', N'Cebu')
, (N'Philippines', N'Cotabato')
, (N'Philippines', N'Dagupan')
, (N'Philippines', N'Davao')
, (N'Philippines', N'General Santos')
, (N'Philippines', N'Iligan')
, (N'Philippines', N'Iloilo')
, (N'Philippines', N'Lapu-Lapu')
, (N'Philippines', N'Las Pinas')
, (N'Philippines', N'Lucena')
, (N'Philippines', N'Makati')
, (N'Philippines', N'Malabon')
, (N'Philippines', N'Mandaluyong')
, (N'Philippines', N'Mandaue')
, (N'Philippines', N'Manila')
, (N'Philippines', N'Marikina')
, (N'Philippines', N'Muntinlupa')
, (N'Philippines', N'Naga')
, (N'Philippines', N'Navotas')
, (N'Philippines', N'Olongapo')
, (N'Philippines', N'Ormoc')
, (N'Philippines', N'Paranaque')
, (N'Philippines', N'Pasay')
, (N'Philippines', N'Pasig')
, (N'Philippines', N'Puerto Princesa')
, (N'Philippines', N'Quezon')
, (N'Philippines', N'San Juan')
, (N'Philippines', N'Santiago')
, (N'Philippines', N'Tacloban')
, (N'Philippines', N'Taguig')
, (N'Philippines', N'Valenzuela')
, (N'Philippines', N'Zamboanga')

, (N'Serbia', N'Beograd')
, (N'Serbia', N'Cacak')
, (N'Serbia', N'Jagodina')
, (N'Serbia', N'Kikinda')
, (N'Serbia', N'Kragujevac')
, (N'Serbia', N'Kraljevo')
, (N'Serbia', N'Krusevac')
, (N'Serbia', N'Leskovac')
, (N'Serbia', N'Loznica')
, (N'Serbia', N'Nis')
, (N'Serbia', N'Novi Pazar')
, (N'Serbia', N'Novi Sad')
, (N'Serbia', N'Pancevo')
, (N'Serbia', N'Pirot')
, (N'Serbia', N'Pozarevac')
, (N'Serbia', N'Sabac')
, (N'Serbia', N'Smederevo')
, (N'Serbia', N'Sombor')
, (N'Serbia', N'Sremska Mitrovica')
, (N'Serbia', N'Subotica')
, (N'Serbia', N'Uzice')
, (N'Serbia', N'Valjevo')
, (N'Serbia', N'Vranje')
, (N'Serbia', N'Vrsac')
, (N'Serbia', N'Zajecar')
, (N'Serbia', N'Zrenjanin')

, (N'Slovenia', N'Celje')
, (N'Slovenia', N'Koper-Capodistria')
, (N'Slovenia', N'Kranj')
, (N'Slovenia', N'Ljubljana')
, (N'Slovenia', N'Maribor')
, (N'Slovenia', N'Murska Sobota')
, (N'Slovenia', N'Nova Gorica')
, (N'Slovenia', N'Novo Mesto')
, (N'Slovenia', N'Ptuj')
, (N'Slovenia', N'Slovenj Gradec')
, (N'Slovenia', N'Velenje');

insert into lesson1_db.city (country_id, city_name)
select
	c.country_id, tc.city_name
from lesson1_db.coun_city as tc
left join lesson1_db.country as c on c.country_name = tc.country_name
order by coalesce(c.country_id, 0)
;

drop table lesson1_db.coun_city;

-- заполняем региональные города. По российской административной модели
-- временная таблица, связь название страны - региональный город
create temporary table if not exists lesson1_db.regional_city(
	unit_name nvarchar(4000)
	, city_name nvarchar(4000)
);

insert into lesson1_db.local_administrative_unit_type (local_unit_type_name)
values ('City'), ('District');

insert into lesson1_db.regional_city (unit_name, city_name)
values (N'Adygea', N'Maykop')
, (N'Bashkortostan', N'Ufa')
, (N'Buryatia', N'Ulan-Ude')
, (N'Altai Republic', N'Gorno-Altaysk')
, (N'Dagestan', N'Makhachkala')
, (N'Ingushetia', N'Magas')
, (N'Kabardino-Balkar Republic', N'Nalchik')
, (N'Kalmykia', N'Elista')
, (N'Karachay-Cherkess Republic', N'Cherkessk')
, (N'Karelia', N'Petrozavodsk')
, (N'Komi Republic', N'Syktyvkar')
, (N'Mari El Republic', N'Yoshkar-Ola')
, (N'Mordovia', N'Saransk')
, (N'Sakha (Yakutia) Republic', N'Yakutsk')
, (N'North Ossetia-Alania', N'Vladikavkaz')
, (N'Tatarstan', N'Kazan')
, (N'Tuva Republic', N'Kyzyl')
, (N'Udmurt Republic', N'Izhevsk')
, (N'Khakassia', N'Abakan')
, (N'Chechen Republic', N'Grozny')
, (N'Chuvash Republic', N'Cheboksary')
, (N'Altai Krai', N'Barnaul')
, (N'Krasnodar Krai', N'Krasnodar')
, (N'Krasnoyarsk Krai', N'Krasnoyarsk')
, (N'Primorsky Krai', N'Vladivostok')
, (N'Stavropol Krai', N'Stavropol')
, (N'Khabarovsk Krai', N'Khabarovsk')
, (N'Amur Oblast', N'Blagoveshchensk')
, (N'Arkhangelsk Oblast', N'Arkhangelsk')
, (N'Astrakhan Oblast', N'Astrakhan')
, (N'Belgorod Oblast', N'Belgorod')
, (N'Bryansk Oblast', N'Bryansk')
, (N'Vladimir Oblast', N'Vladimir')
, (N'Volgograd Oblast', N'Volgograd')
, (N'Vologda Oblast', N'Vologda')
, (N'Voronezh Oblast', N'Voronezh')
, (N'Ivanovo Oblast', N'Ivanovo')
, (N'Irkutsk Oblast', N'Irkutsk')
, (N'Kaliningrad Oblast', N'Kaliningrad')
, (N'Kaluga Oblast', N'Kaluga')
, (N'Kamchatka Krai', N'Petropavlovsk-Kamchatsky')
, (N'Kemerovo Oblast', N'Kemerovo')
, (N'Kirov Oblast', N'Kirov')
, (N'Kostroma Oblast', N'Kostroma')
, (N'Kurgan Oblast', N'Kurgan')
, (N'Kursk Oblast', N'Kursk')
, (N'Leningrad Oblast', N'Gatchina')
, (N'Lipetsk Oblast', N'Lipetsk')
, (N'Magadan Oblast', N'Magadan')
, (N'Moscow Oblast', N'Balashikha')
, (N'Murmansk Oblast', N'Murmansk')
, (N'Nizhny Novgorod Oblast', N'Nizhny Novgorod')
, (N'Novgorod Oblast', N'Veliky Novgorod')
, (N'Novosibirsk Oblast', N'Novosibirsk')
, (N'Omsk Oblast', N'Omsk')
, (N'Orenburg Oblast', N'Orenburg')
, (N'Orel Oblast', N'Oryol')
, (N'Penza Oblast', N'Penza')
, (N'Perm Krai', N'Perm')
, (N'Pskov Oblast', N'Pskov')
, (N'Rostov Oblast', N'Rostov-on-Don')
, (N'Ryazan Oblast', N'Ryazan')
, (N'Samara Oblast', N'Samara')
, (N'Saratov Oblast', N'Saratov')
, (N'Sakhalin Oblast', N'Yuzhno-Sakhalinsk')
, (N'Sverdlovsk Oblast', N'Yekaterinburg')
, (N'Smolensk Oblast', N'Smolensk')
, (N'Tambov Oblast', N'Tambov')
, (N'Tver Oblast', N'Tver')
, (N'Tomsk Oblast', N'Tomsk')
, (N'Tula Oblast', N'Tula')
, (N'Tyumen Oblast', N'Tyumen')
, (N'Ulyanovsk Oblast', N'Ulyanovsk')
, (N'Chelyabinsk Oblast', N'Chelyabinsk')
, (N'Zabaykalsky Krai', N'Chita')
, (N'Yaroslavl Oblast', N'Yaroslavl')
, (N'Jewish Autonomous Oblast', N'Birobidzhan')
, (N'Nenets Autonomous Okrug', N'Naryan-Mar')
, (N'Khanty-Mansi-Yugra', N'Khanty-Mansiysk')
, (N'Chukotka Autonomous Okrug', N'Anadyr')
, (N'Yamalo-Nenets Autonomous Okrug', N'Salekhard')
, (N'Republic of Crimea', N'Simferopol')
;

insert into lesson1_db.local_administrative_unit (unit_id, local_unit_name, local_unit_type)
select 
	 au.unit_id, rc.city_name, ut.id
from lesson1_db.regional_city as rc
inner join lesson1_db.administrative_unit as au on au.unit_name = rc.unit_name
inner join lesson1_db.local_administrative_unit_type as ut on ut.local_unit_type_name = N'City'
order by rc.city_name
;

drop table if exists lesson1_db.regional_city;

-- областные районы
create temporary table if not exists lesson1_db.regional_district(
	unit_name nvarchar(4000)
	, district_name nvarchar(4000)
);

insert into lesson1_db.regional_district (unit_name, district_name)
values (N'Republic of Adygea', N'Giaginsky District')
, (N'Republic of Adygea', N'Koshekhablsky District')
, (N'Republic of Adygea', N'Krasnogvardeysky District')
, (N'Republic of Adygea', N'Maykopsky District')
, (N'Republic of Adygea', N'Shovgenovsky District')
, (N'Republic of Adygea', N'Takhtamukaysky District')
, (N'Republic of Adygea', N'Teuchezhsky District')
, (N'Altai Krai', N'Aleysky District')
, (N'Altai Krai', N'Altaysky District')
, (N'Altai Krai', N'Bayevsky District')
, (N'Altai Krai', N'Biysky District')
, (N'Altai Krai', N'Blagoveshchensky District')
, (N'Altai Krai', N'Burlinsky District')
, (N'Altai Krai', N'Bystroistoksky District')
, (N'Altai Krai', N'Charyshsky District')
, (N'Altai Krai', N'Kalmansky District')
, (N'Altai Krai', N'Kamensky District')
, (N'Altai Krai', N'Khabarsky District')
, (N'Altai Krai', N'Klyuchevsky District')
, (N'Altai Krai', N'Kosikhinsky District')
, (N'Altai Krai', N'Krasnogorsky District')
, (N'Altai Krai', N'Krasnoshchyokovsky District')
, (N'Altai Krai', N'Krutikhinsky District')
, (N'Altai Krai', N'Kulundinsky District')
, (N'Altai Krai', N'Kuryinsky District')
, (N'Altai Krai', N'Kytmanovsky District')
, (N'Altai Krai', N'Loktevsky District')
, (N'Altai Krai', N'Mamontovsky District')
, (N'Altai Krai', N'Mikhaylovsky District')
, (N'Altai Krai', N'Nemetsky National District')
, (N'Altai Krai', N'Novichikhinsky District')
, (N'Altai Krai', N'Pankrushikhinsky District')
, (N'Altai Krai', N'Pavlovsky District')
, (N'Altai Krai', N'Pervomaysky District')
, (N'Altai Krai', N'Petropavlovsky District')
, (N'Altai Krai', N'Pospelikhinsky District')
, (N'Altai Krai', N'Rebrikhinsky District')
, (N'Altai Krai', N'Rodinsky District')
, (N'Altai Krai', N'Romanovsky District')
, (N'Altai Krai', N'Rubtsovsky District')
, (N'Altai Krai', N'Shelabolikhinsky District')
, (N'Altai Krai', N'Shipunovsky District')
, (N'Altai Krai', N'Smolensky District')
, (N'Altai Krai', N'Soloneshensky District')
, (N'Altai Krai', N'Soltonsky District')
, (N'Altai Krai', N'Sovetsky District')
, (N'Altai Krai', N'Suyetsky District')
, (N'Altai Krai', N'Tabunsky District')
, (N'Altai Krai', N'Talmensky District')
, (N'Altai Krai', N'Togulsky District')
, (N'Altai Krai', N'Topchikhinsky District')
, (N'Altai Krai', N'Tretyakovsky District')
, (N'Altai Krai', N'Troitsky District')
, (N'Altai Krai', N'Tselinny District')
, (N'Altai Krai', N'Tyumentsevsky District')
, (N'Altai Krai', N'Uglovsky District')
, (N'Altai Krai', N'Ust-Kalmansky District')
, (N'Altai Krai', N'Ust-Pristansky District')
, (N'Altai Krai', N'Volchikhinsky District')
, (N'Altai Krai', N'Yegoryevsky District')
, (N'Altai Krai', N'Yeltsovsky District')
, (N'Altai Krai', N'Zalesovsky District')
, (N'Altai Krai', N'Zarinsky District')
, (N'Altai Krai', N'Zavyalovsky District')
, (N'Altai Krai', N'Zmeinogorsky District')
, (N'Altai Krai', N'Zonalny District')
, (N'Altai Republic', N'Chemalsky District')
, (N'Altai Republic', N'Choysky District')
, (N'Altai Republic', N'Kosh-Agachsky District')
, (N'Altai Republic', N'Mayminsky District')
, (N'Altai Republic', N'Ongudaysky District')
, (N'Altai Republic', N'Shebalinsky District')
, (N'Altai Republic', N'Turochaksky District')
, (N'Altai Republic', N'Ulagansky District')
, (N'Altai Republic', N'Ust-Kansky District')
, (N'Altai Republic', N'Ust-Koksinsky District')
, (N'Amur Oblast', N'Arkharinsky District')
, (N'Amur Oblast', N'Belogorsky District')
, (N'Amur Oblast', N'Blagoveshchensky District')
, (N'Amur Oblast', N'Bureysky District')
, (N'Amur Oblast', N'Ivanovsky District')
, (N'Amur Oblast', N'Konstantinovsky District')
, (N'Amur Oblast', N'Magdagachinsky District')
, (N'Amur Oblast', N'Mazanovsky District')
, (N'Amur Oblast', N'Mikhaylovsky District')
, (N'Amur Oblast', N'Oktyabrsky District')
, (N'Amur Oblast', N'Romnensky District')
, (N'Amur Oblast', N'Selemdzhinsky District')
, (N'Amur Oblast', N'Seryshevsky District')
, (N'Amur Oblast', N'Shimanovsky District')
, (N'Amur Oblast', N'Skovorodinsky District')
, (N'Amur Oblast', N'Svobodnensky District')
, (N'Amur Oblast', N'Tambovsky District')
, (N'Amur Oblast', N'Tyndinsky District')
, (N'Amur Oblast', N'Zavitinsky District')
, (N'Amur Oblast', N'Zeysky District')
, (N'Arkhangelsk Oblast', N'Kargopolsky District')
, (N'Arkhangelsk Oblast', N'Kholmogorsky District')
, (N'Arkhangelsk Oblast', N'Konoshsky District')
, (N'Arkhangelsk Oblast', N'Kotlassky District')
, (N'Arkhangelsk Oblast', N'Krasnoborsky District')
, (N'Arkhangelsk Oblast', N'Lensky District')
, (N'Arkhangelsk Oblast', N'Leshukonsky District')
, (N'Arkhangelsk Oblast', N'Mezensky District')
, (N'Arkhangelsk Oblast', N'Novaya Zemlya District')
, (N'Arkhangelsk Oblast', N'Nyandomsky District')
, (N'Arkhangelsk Oblast', N'Onezhsky District')
, (N'Arkhangelsk Oblast', N'Pinezhsky District')
, (N'Arkhangelsk Oblast', N'Plesetsky District')
, (N'Arkhangelsk Oblast', N'Primorsky District')
, (N'Arkhangelsk Oblast', N'Shenkursky District')
, (N'Arkhangelsk Oblast', N'Solovetsky District')
, (N'Arkhangelsk Oblast', N'Ustyansky District')
, (N'Arkhangelsk Oblast', N'Velsky District')
, (N'Arkhangelsk Oblast', N'Verkhnetoyemsky District')
, (N'Arkhangelsk Oblast', N'Vilegodsky District')
, (N'Arkhangelsk Oblast', N'Vinogradovsky District')
, (N'Astrakhan Oblast', N'Akhtubinsky District')
, (N'Astrakhan Oblast', N'Chernoyarsky District')
, (N'Astrakhan Oblast', N'Ikryaninsky District')
, (N'Astrakhan Oblast', N'Kamyzyaksky District')
, (N'Astrakhan Oblast', N'Kharabalinsky District')
, (N'Astrakhan Oblast', N'Krasnoyarsky District')
, (N'Astrakhan Oblast', N'Limansky District')
, (N'Astrakhan Oblast', N'Narimanovsky District')
, (N'Astrakhan Oblast', N'Privolzhsky District')
, (N'Astrakhan Oblast', N'Volodarsky District')
, (N'Astrakhan Oblast', N'Yenotayevsky District')
, (N'Republic of Bashkortostan', N'Abzelilovsky District')
, (N'Republic of Bashkortostan', N'Alsheyevsky District')
, (N'Republic of Bashkortostan', N'Arkhangelsky District')
, (N'Republic of Bashkortostan', N'Askinsky District')
, (N'Republic of Bashkortostan', N'Aurgazinsky District')
, (N'Republic of Bashkortostan', N'Bakalinsky District')
, (N'Republic of Bashkortostan', N'Baltachevsky District')
, (N'Republic of Bashkortostan', N'Baymaksky District')
, (N'Republic of Bashkortostan', N'Belebeyevsky District')
, (N'Republic of Bashkortostan', N'Belokataysky District')
, (N'Republic of Bashkortostan', N'Beloretsky District')
, (N'Republic of Bashkortostan', N'Birsky District')
, (N'Republic of Bashkortostan', N'Bizhbulyaksky District')
, (N'Republic of Bashkortostan', N'Blagovarsky District')
, (N'Republic of Bashkortostan', N'Blagoveshchensky District')
, (N'Republic of Bashkortostan', N'Burayevsky District')
, (N'Republic of Bashkortostan', N'Burzyansky District')
, (N'Republic of Bashkortostan', N'Buzdyaksky District')
, (N'Republic of Bashkortostan', N'Chekmagushevsky District')
, (N'Republic of Bashkortostan', N'Chishminsky District')
, (N'Republic of Bashkortostan', N'Davlekanovsky District')
, (N'Republic of Bashkortostan', N'Duvansky District')
, (N'Republic of Bashkortostan', N'Dyurtyulinsky District')
, (N'Republic of Bashkortostan', N'Fyodorovsky District')
, (N'Republic of Bashkortostan', N'Gafuriysky District')
, (N'Republic of Bashkortostan', N'Iglinsky District')
, (N'Republic of Bashkortostan', N'Ilishevsky District')
, (N'Republic of Bashkortostan', N'Ishimbaysky District')
, (N'Republic of Bashkortostan', N'Kaltasinsky District')
, (N'Republic of Bashkortostan', N'Karaidelsky District')
, (N'Republic of Bashkortostan', N'Karmaskalinsky District')
, (N'Republic of Bashkortostan', N'Khaybullinsky District')
, (N'Republic of Bashkortostan', N'Kiginsky District')
, (N'Republic of Bashkortostan', N'Krasnokamsky District')
, (N'Republic of Bashkortostan', N'Kugarchinsky District')
, (N'Republic of Bashkortostan', N'Kushnarenkovsky District')
, (N'Republic of Bashkortostan', N'Kuyurgazinsky District')
, (N'Republic of Bashkortostan', N'Mechetlinsky District')
, (N'Republic of Bashkortostan', N'Meleuzovsky District')
, (N'Republic of Bashkortostan', N'Mishkinsky District')
, (N'Republic of Bashkortostan', N'Miyakinsky District')
, (N'Republic of Bashkortostan', N'Nurimanovsky District')
, (N'Republic of Bashkortostan', N'Salavatsky District')
, (N'Republic of Bashkortostan', N'Sharansky District')
, (N'Republic of Bashkortostan', N'Sterlibashevsky District')
, (N'Republic of Bashkortostan', N'Sterlitamaksky District')
, (N'Republic of Bashkortostan', N'Tatyshlinsky District')
, (N'Republic of Bashkortostan', N'Tuymazinsky District')
, (N'Republic of Bashkortostan', N'Uchalinsky District')
, (N'Republic of Bashkortostan', N'Ufimsky District')
, (N'Republic of Bashkortostan', N'Yanaulsky District')
, (N'Republic of Bashkortostan', N'Yermekeyevsky District')
, (N'Republic of Bashkortostan', N'Zianchurinsky District')
, (N'Republic of Bashkortostan', N'Zilairsky District')
, (N'Belgorod Oblast', N'Alexeyevsky District')
, (N'Belgorod Oblast', N'Belgorodsky District')
, (N'Belgorod Oblast', N'Borisovsky District')
, (N'Belgorod Oblast', N'Chernyansky District')
, (N'Belgorod Oblast', N'Grayvoronsky District')
, (N'Belgorod Oblast', N'Gubkinsky District')
, (N'Belgorod Oblast', N'Ivnyansky District')
, (N'Belgorod Oblast', N'Korochansky District')
, (N'Belgorod Oblast', N'Krasnensky District')
, (N'Belgorod Oblast', N'Krasnogvardeysky District')
, (N'Belgorod Oblast', N'Krasnoyaruzhsky District')
, (N'Belgorod Oblast', N'Novooskolsky District')
, (N'Belgorod Oblast', N'Prokhorovsky District')
, (N'Belgorod Oblast', N'Rakityansky District')
, (N'Belgorod Oblast', N'Rovensky District')
, (N'Belgorod Oblast', N'Shebekinsky District')
, (N'Belgorod Oblast', N'Starooskolsky District')
, (N'Belgorod Oblast', N'Valuysky District')
, (N'Belgorod Oblast', N'Veydelevsky District')
, (N'Belgorod Oblast', N'Volokonovsky District')
, (N'Belgorod Oblast', N'Yakovlevsky District')
, (N'Bryansk Oblast', N'Brasovsky District')
, (N'Bryansk Oblast', N'Bryansky District')
, (N'Bryansk Oblast', N'Dubrovsky District')
, (N'Bryansk Oblast', N'Dyatkovsky District')
, (N'Bryansk Oblast', N'Gordeyevsky District')
, (N'Bryansk Oblast', N'Karachevsky District')
, (N'Bryansk Oblast', N'Kletnyansky District')
, (N'Bryansk Oblast', N'Klimovsky District')
, (N'Bryansk Oblast', N'Klintsovsky District')
, (N'Bryansk Oblast', N'Komarichsky District')
, (N'Bryansk Oblast', N'Krasnogorsky District')
, (N'Bryansk Oblast', N'Mglinsky District')
, (N'Bryansk Oblast', N'Navlinsky District')
, (N'Bryansk Oblast', N'Novozybkovsky District')
, (N'Bryansk Oblast', N'Pochepsky District')
, (N'Bryansk Oblast', N'Pogarsky District')
, (N'Bryansk Oblast', N'Rognedinsky District')
, (N'Bryansk Oblast', N'Sevsky District')
, (N'Bryansk Oblast', N'Starodubsky District')
, (N'Bryansk Oblast', N'Surazhsky District')
, (N'Bryansk Oblast', N'Suzemsky District')
, (N'Bryansk Oblast', N'Trubchevsky District')
, (N'Bryansk Oblast', N'Unechsky District')
, (N'Bryansk Oblast', N'Vygonichsky District')
, (N'Bryansk Oblast', N'Zhiryatinsky District')
, (N'Bryansk Oblast', N'Zhukovsky District')
, (N'Bryansk Oblast', N'Zlynkovsky District')
, (N'Republic of Buryatia', N'Barguzinsky District')
, (N'Republic of Buryatia', N'Bauntovsky District')
, (N'Republic of Buryatia', N'Bichursky District')
, (N'Republic of Buryatia', N'Dzhidinsky District')
, (N'Republic of Buryatia', N'Ivolginsky District')
, (N'Republic of Buryatia', N'Kabansky District')
, (N'Republic of Buryatia', N'Khorinsky District')
, (N'Republic of Buryatia', N'Kizhinginsky District')
, (N'Republic of Buryatia', N'Kurumkansky District')
, (N'Republic of Buryatia', N'Kyakhtinsky District')
, (N'Republic of Buryatia', N'Mukhorshibirsky District')
, (N'Republic of Buryatia', N'Muysky District')
, (N'Republic of Buryatia', N'Okinsky District')
, (N'Republic of Buryatia', N'Pribaykalsky District')
, (N'Republic of Buryatia', N'Selenginsky District')
, (N'Republic of Buryatia', N'Severo-Baykalsky District')
, (N'Republic of Buryatia', N'Tarbagataysky District')
, (N'Republic of Buryatia', N'Tunkinsky District')
, (N'Republic of Buryatia', N'Yeravninsky District')
, (N'Republic of Buryatia', N'Zaigrayevsky District')
, (N'Republic of Buryatia', N'Zakamensky District')
, (N'Chechen Republic', N'Achkhoy-Martanovsky District')
, (N'Chechen Republic', N'Groznensky District')
, (N'Chechen Republic', N'Gudermessky District')
, (N'Chechen Republic', N'Itum-Kalinsky District')
, (N'Chechen Republic', N'Kurchaloyevsky District')
, (N'Chechen Republic', N'Nadterechny District')
, (N'Chechen Republic', N'Naursky District')
, (N'Chechen Republic', N'Nozhay-Yurtovsky District')
, (N'Chechen Republic', N'Shalinsky District')
, (N'Chechen Republic', N'Sharoysky District')
, (N'Chechen Republic', N'Shatoysky District')
, (N'Chechen Republic', N'Shelkovskoy District')
, (N'Chechen Republic', N'Sunzhensky District')
, (N'Chechen Republic', N'Urus-Martanovsky District')
, (N'Chechen Republic', N'Vedensky District')
, (N'Chelyabinsk Oblast', N'Agapovsky District')
, (N'Chelyabinsk Oblast', N'Argayashsky District')
, (N'Chelyabinsk Oblast', N'Ashinsky District')
, (N'Chelyabinsk Oblast', N'Bredinsky District')
, (N'Chelyabinsk Oblast', N'Chebarkulsky District')
, (N'Chelyabinsk Oblast', N'Chesmensky District')
, (N'Chelyabinsk Oblast', N'Kartalinsky District')
, (N'Chelyabinsk Oblast', N'Kaslinsky District')
, (N'Chelyabinsk Oblast', N'Katav-Ivanovsky District')
, (N'Chelyabinsk Oblast', N'Kizilsky District')
, (N'Chelyabinsk Oblast', N'Korkinsky District')
, (N'Chelyabinsk Oblast', N'Krasnoarmeysky District')
, (N'Chelyabinsk Oblast', N'Kunashaksky District')
, (N'Chelyabinsk Oblast', N'Kusinsky District')
, (N'Chelyabinsk Oblast', N'Nagaybaksky District')
, (N'Chelyabinsk Oblast', N'Nyazepetrovsky District')
, (N'Chelyabinsk Oblast', N'Oktyabrsky District')
, (N'Chelyabinsk Oblast', N'Plastovsky District')
, (N'Chelyabinsk Oblast', N'Satkinsky District')
, (N'Chelyabinsk Oblast', N'Sosnovsky District')
, (N'Chelyabinsk Oblast', N'Troitsky District')
, (N'Chelyabinsk Oblast', N'Uvelsky District')
, (N'Chelyabinsk Oblast', N'Uysky District')
, (N'Chelyabinsk Oblast', N'Varnensky District')
, (N'Chelyabinsk Oblast', N'Verkhneuralsky District')
, (N'Chelyabinsk Oblast', N'Yemanzhelinsky District')
, (N'Chelyabinsk Oblast', N'Yetkulsky District')
, (N'Chukotka Autonomous Okrug', N'Anadyrsky District')
, (N'Chukotka Autonomous Okrug', N'Bilibinsky District')
, (N'Chukotka Autonomous Okrug', N'Chaunsky District')
, (N'Chukotka Autonomous Okrug', N'Chukotsky District')
, (N'Chukotka Autonomous Okrug', N'Iultinsky District')
, (N'Chukotka Autonomous Okrug', N'Providensky District')
, (N'Chuvash Republic', N'Alatyrsky District')
, (N'Chuvash Republic', N'Alikovsky District')
, (N'Chuvash Republic', N'Batyrevsky District')
, (N'Chuvash Republic', N'Cheboksarsky District')
, (N'Chuvash Republic', N'Ibresinsky District')
, (N'Chuvash Republic', N'Kanashsky District')
, (N'Chuvash Republic', N'Komsomolsky District')
, (N'Chuvash Republic', N'Kozlovsky District')
, (N'Chuvash Republic', N'Krasnoarmeysky District')
, (N'Chuvash Republic', N'Krasnochetaysky District')
, (N'Chuvash Republic', N'Mariinsko-Posadsky District')
, (N'Chuvash Republic', N'Morgaushsky District')
, (N'Chuvash Republic', N'Poretsky District')
, (N'Chuvash Republic', N'Shemurshinsky District')
, (N'Chuvash Republic', N'Shumerlinsky District')
, (N'Chuvash Republic', N'Tsivilsky District')
, (N'Chuvash Republic', N'Urmarsky District')
, (N'Chuvash Republic', N'Vurnarsky District')
, (N'Chuvash Republic', N'Yadrinsky District')
, (N'Chuvash Republic', N'Yalchiksky District')
, (N'Chuvash Republic', N'Yantikovsky District')
, (N'Republic of Crimea', N'Bakhchisaraysky District')
, (N'Republic of Crimea', N'Belogorsky District')
, (N'Republic of Crimea', N'Chernomorsky District')
, (N'Republic of Crimea', N'Dzhankoysky District')
, (N'Republic of Crimea', N'Kirovsky District')
, (N'Republic of Crimea', N'Krasnogvardeysky District')
, (N'Republic of Crimea', N'Krasnoperekopsky District')
, (N'Republic of Crimea', N'Leninsky District')
, (N'Republic of Crimea', N'Nizhnegorsky District')
, (N'Republic of Crimea', N'Pervomaysky District')
, (N'Republic of Crimea', N'Razdolnensky District')
, (N'Republic of Crimea', N'Saksky District')
, (N'Republic of Crimea', N'Simferopolsky District')
, (N'Republic of Crimea', N'Sovetsky District')
, (N'Republic of Dagestan', N'Agulsky District')
, (N'Republic of Dagestan', N'Akhtynsky District')
, (N'Republic of Dagestan', N'Akhvakhsky District')
, (N'Republic of Dagestan', N'Akushinsky District')
, (N'Republic of Dagestan', N'Babayurtovsky District')
, (N'Republic of Dagestan', N'Botlikhsky District')
, (N'Republic of Dagestan', N'Buynaksky District')
, (N'Republic of Dagestan', N'Charodinsky District')
, (N'Republic of Dagestan', N'Dakhadayevsky District')
, (N'Republic of Dagestan', N'Derbentsky District')
, (N'Republic of Dagestan', N'Dokuzparinsky District')
, (N'Republic of Dagestan', N'Gergebilsky District')
, (N'Republic of Dagestan', N'Gumbetovsky District')
, (N'Republic of Dagestan', N'Gunibsky District')
, (N'Republic of Dagestan', N'Karabudakhkentsky District')
, (N'Republic of Dagestan', N'Kayakentsky District')
, (N'Republic of Dagestan', N'Kaytagsky District')
, (N'Republic of Dagestan', N'Kazbekovsky District')
, (N'Republic of Dagestan', N'Khasavyurtovsky District')
, (N'Republic of Dagestan', N'Khivsky District')
, (N'Republic of Dagestan', N'Khunzakhsky District')
, (N'Republic of Dagestan', N'Kizilyurtovsky District')
, (N'Republic of Dagestan', N'Kizlyarsky District')
, (N'Republic of Dagestan', N'Kulinsky District')
, (N'Republic of Dagestan', N'Kumtorkalinsky District')
, (N'Republic of Dagestan', N'Kurakhsky District')
, (N'Republic of Dagestan', N'Laksky District')
, (N'Republic of Dagestan', N'Levashinsky District')
, (N'Republic of Dagestan', N'Magaramkentsky District')
, (N'Republic of Dagestan', N'Nogaysky District')
, (N'Republic of Dagestan', N'Novolaksky District')
, (N'Republic of Dagestan', N'Rutulsky District')
, (N'Republic of Dagestan', N'Sergokalinsky District')
, (N'Republic of Dagestan', N'Shamilsky District')
, (N'Republic of Dagestan', N'Suleyman-Stalsky District')
, (N'Republic of Dagestan', N'Tabasaransky District')
, (N'Republic of Dagestan', N'Tarumovsky District')
, (N'Republic of Dagestan', N'Tlyaratinsky District')
, (N'Republic of Dagestan', N'Tsumadinsky District')
, (N'Republic of Dagestan', N'Tsuntinsky District')
, (N'Republic of Dagestan', N'Untsukulsky District')
, (N'Republic of Ingushetia', N'Dzheyrakhsky District')
, (N'Republic of Ingushetia', N'Malgobeksky District')
, (N'Republic of Ingushetia', N'Nazranovsky District')
, (N'Republic of Ingushetia', N'Sunzhensky District')
, (N'Irkutsk Oblast', N'Alarsky District')
, (N'Irkutsk Oblast', N'Angarsky District')
, (N'Irkutsk Oblast', N'Balagansky District')
, (N'Irkutsk Oblast', N'Bayandayevsky District')
, (N'Irkutsk Oblast', N'Bodaybinsky District')
, (N'Irkutsk Oblast', N'Bokhansky District')
, (N'Irkutsk Oblast', N'Bratsky District')
, (N'Irkutsk Oblast', N'Cheremkhovsky District')
, (N'Irkutsk Oblast', N'Chunsky District')
, (N'Irkutsk Oblast', N'Ekhirit-Bulagatsky District')
, (N'Irkutsk Oblast', N'Irkutsky District')
, (N'Irkutsk Oblast', N'Kachugsky District')
, (N'Irkutsk Oblast', N'Katangsky District')
, (N'Irkutsk Oblast', N'Kazachinsko-Lensky District')
, (N'Irkutsk Oblast', N'Kirensky District')
, (N'Irkutsk Oblast', N'Kuytunsky District')
, (N'Irkutsk Oblast', N'Mamsko-Chuysky District')
, (N'Irkutsk Oblast', N'Nizhneilimsky District')
, (N'Irkutsk Oblast', N'Nizhneudinsky District')
, (N'Irkutsk Oblast', N'Nukutsky District')
, (N'Irkutsk Oblast', N'Olkhonsky District')
, (N'Irkutsk Oblast', N'Osinsky District')
, (N'Irkutsk Oblast', N'Shelekhovsky District')
, (N'Irkutsk Oblast', N'Slyudyansky District')
, (N'Irkutsk Oblast', N'Tayshetsky District')
, (N'Irkutsk Oblast', N'Tulunsky District')
, (N'Irkutsk Oblast', N'Usolsky District')
, (N'Irkutsk Oblast', N'Ust-Ilimsky District')
, (N'Irkutsk Oblast', N'Ust-Kutsky District')
, (N'Irkutsk Oblast', N'Ust-Udinsky District')
, (N'Irkutsk Oblast', N'Zalarinsky District')
, (N'Irkutsk Oblast', N'Zhigalovsky District')
, (N'Irkutsk Oblast', N'Ziminsky District')
, (N'Ivanovo Oblast', N'Furmanovsky District')
, (N'Ivanovo Oblast', N'Gavrilovo-Posadsky District')
, (N'Ivanovo Oblast', N'Ilyinsky District')
, (N'Ivanovo Oblast', N'Ivanovsky District')
, (N'Ivanovo Oblast', N'Kineshemsky District')
, (N'Ivanovo Oblast', N'Komsomolsky District')
, (N'Ivanovo Oblast', N'Lezhnevsky District')
, (N'Ivanovo Oblast', N'Lukhsky District')
, (N'Ivanovo Oblast', N'Palekhsky District')
, (N'Ivanovo Oblast', N'Pestyakovsky District')
, (N'Ivanovo Oblast', N'Privolzhsky District')
, (N'Ivanovo Oblast', N'Puchezhsky District')
, (N'Ivanovo Oblast', N'Rodnikovsky District')
, (N'Ivanovo Oblast', N'Savinsky District')
, (N'Ivanovo Oblast', N'Shuysky District')
, (N'Ivanovo Oblast', N'Teykovsky District')
, (N'Ivanovo Oblast', N'Verkhnelandekhovsky District')
, (N'Ivanovo Oblast', N'Vichugsky District')
, (N'Ivanovo Oblast', N'Yuryevetsky District')
, (N'Ivanovo Oblast', N'Yuzhsky District')
, (N'Ivanovo Oblast', N'Zavolzhsky District')
, (N'Jewish Autonomous Oblast', N'Birobidzhansky District')
, (N'Jewish Autonomous Oblast', N'Leninsky District')
, (N'Jewish Autonomous Oblast', N'Obluchensky District')
, (N'Jewish Autonomous Oblast', N'Oktyabrsky District')
, (N'Jewish Autonomous Oblast', N'Smidovichsky District')
, (N'Kabardino-Balkar Republic', N'Baksansky District')
, (N'Kabardino-Balkar Republic', N'Chegemsky District')
, (N'Kabardino-Balkar Republic', N'Chereksky District')
, (N'Kabardino-Balkar Republic', N'Elbrussky District')
, (N'Kabardino-Balkar Republic', N'Leskensky District')
, (N'Kabardino-Balkar Republic', N'Maysky District')
, (N'Kabardino-Balkar Republic', N'Prokhladnensky District')
, (N'Kabardino-Balkar Republic', N'Tersky District')
, (N'Kabardino-Balkar Republic', N'Urvansky District')
, (N'Kabardino-Balkar Republic', N'Zolsky District')
, (N'Kaliningrad Oblast', N'Bagrationovsky District')
, (N'Kaliningrad Oblast', N'Baltiysky District')
, (N'Kaliningrad Oblast', N'Chernyakhovsky District')
, (N'Kaliningrad Oblast', N'Guryevsky District')
, (N'Kaliningrad Oblast', N'Gusevsky District')
, (N'Kaliningrad Oblast', N'Gvardeysky District')
, (N'Kaliningrad Oblast', N'Krasnoznamensky District')
, (N'Kaliningrad Oblast', N'Nemansky District')
, (N'Kaliningrad Oblast', N'Nesterovsky District')
, (N'Kaliningrad Oblast', N'Ozyorsky District')
, (N'Kaliningrad Oblast', N'Polessky District')
, (N'Kaliningrad Oblast', N'Pravdinsky District')
, (N'Kaliningrad Oblast', N'Slavsky District')
, (N'Kaliningrad Oblast', N'Svetlogorsky District')
, (N'Kaliningrad Oblast', N'Zelenogradsky District')
, (N'Republic of Kalmykia', N'Chernozemelsky District')
, (N'Republic of Kalmykia', N'Gorodovikovsky District')
, (N'Republic of Kalmykia', N'Iki-Burulsky District')
, (N'Republic of Kalmykia', N'Ketchenerovsky District')
, (N'Republic of Kalmykia', N'Lagansky District')
, (N'Republic of Kalmykia', N'Maloderbetovsky District')
, (N'Republic of Kalmykia', N'Oktyabrsky District')
, (N'Republic of Kalmykia', N'Priyutnensky District')
, (N'Republic of Kalmykia', N'Sarpinsky District')
, (N'Republic of Kalmykia', N'Tselinny District')
, (N'Republic of Kalmykia', N'Yashaltinsky District')
, (N'Republic of Kalmykia', N'Yashkulsky District')
, (N'Republic of Kalmykia', N'Yustinsky District')
, (N'Kaluga Oblast', N'Babyninsky District')
, (N'Kaluga Oblast', N'Baryatinsky District')
, (N'Kaluga Oblast', N'Borovsky District')
, (N'Kaluga Oblast', N'Duminichsky District')
, (N'Kaluga Oblast', N'Dzerzhinsky District')
, (N'Kaluga Oblast', N'Ferzikovsky District')
, (N'Kaluga Oblast', N'Iznoskovsky District')
, (N'Kaluga Oblast', N'Khvastovichsky District')
, (N'Kaluga Oblast', N'Kirovsky District')
, (N'Kaluga Oblast', N'Kozelsky District')
, (N'Kaluga Oblast', N'Kuybyshevsky District')
, (N'Kaluga Oblast', N'Lyudinovsky District')
, (N'Kaluga Oblast', N'Maloyaroslavetsky District')
, (N'Kaluga Oblast', N'Medynsky District')
, (N'Kaluga Oblast', N'Meshchovsky District')
, (N'Kaluga Oblast', N'Mosalsky District')
, (N'Kaluga Oblast', N'Peremyshlsky District')
, (N'Kaluga Oblast', N'Spas-Demensky District')
, (N'Kaluga Oblast', N'Sukhinichsky District')
, (N'Kaluga Oblast', N'Tarussky District')
, (N'Kaluga Oblast', N'Ulyanovsky District')
, (N'Kaluga Oblast', N'Yukhnovsky District')
, (N'Kaluga Oblast', N'Zhizdrinsky District')
, (N'Kaluga Oblast', N'Zhukovsky District')
, (N'Kamchatka Krai', N'Aleutsky District')
, (N'Kamchatka Krai', N'Bystrinsky District')
, (N'Kamchatka Krai', N'Karaginsky District')
, (N'Kamchatka Krai', N'Milkovsky District')
, (N'Kamchatka Krai', N'Olyutorsky District')
, (N'Kamchatka Krai', N'Penzhinsky District')
, (N'Kamchatka Krai', N'Sobolevsky District')
, (N'Kamchatka Krai', N'Tigilsky District')
, (N'Kamchatka Krai', N'Ust-Bolsheretsky District')
, (N'Kamchatka Krai', N'Ust-Kamchatsky District')
, (N'Kamchatka Krai', N'Yelizovsky District')
, (N'Karachay-Cherkess Republic', N'Abazinsky District')
, (N'Karachay-Cherkess Republic', N'Adyge-Khablsky District')
, (N'Karachay-Cherkess Republic', N'Karachayevsky District')
, (N'Karachay-Cherkess Republic', N'Khabezsky District')
, (N'Karachay-Cherkess Republic', N'Malokarachayevsky District')
, (N'Karachay-Cherkess Republic', N'Nogaysky District')
, (N'Karachay-Cherkess Republic', N'Prikubansky District')
, (N'Karachay-Cherkess Republic', N'Urupsky District')
, (N'Karachay-Cherkess Republic', N'Ust-Dzhegutinsky District')
, (N'Karachay-Cherkess Republic', N'Zelenchuksky District')
, (N'Republic of Karelia', N'Belomorsky District')
, (N'Republic of Karelia', N'Kalevalsky District')
, (N'Republic of Karelia', N'Kemsky District')
, (N'Republic of Karelia', N'Kondopozhsky District')
, (N'Republic of Karelia', N'Lakhdenpokhsky District')
, (N'Republic of Karelia', N'Loukhsky District')
, (N'Republic of Karelia', N'Medvezhyegorsky District')
, (N'Republic of Karelia', N'Muyezersky District')
, (N'Republic of Karelia', N'Olonetsky District')
, (N'Republic of Karelia', N'Pitkyarantsky District')
, (N'Republic of Karelia', N'Prionezhsky District')
, (N'Republic of Karelia', N'Pryazhinsky District')
, (N'Republic of Karelia', N'Pudozhsky District')
, (N'Republic of Karelia', N'Segezhsky District')
, (N'Republic of Karelia', N'Suoyarvsky District')
, (N'Kemerovo Oblast', N'Belovsky District')
, (N'Kemerovo Oblast', N'Chebulinsky District')
, (N'Kemerovo Oblast', N'Guryevsky District')
, (N'Kemerovo Oblast', N'Izhmorsky District')
, (N'Kemerovo Oblast', N'Kemerovsky District')
, (N'Kemerovo Oblast', N'Krapivinsky District')
, (N'Kemerovo Oblast', N'Leninsk-Kuznetsky District')
, (N'Kemerovo Oblast', N'Mariinsky District')
, (N'Kemerovo Oblast', N'Mezhdurechensky District')
, (N'Kemerovo Oblast', N'Novokuznetsky District')
, (N'Kemerovo Oblast', N'Prokopyevsky District')
, (N'Kemerovo Oblast', N'Promyshlennovsky District')
, (N'Kemerovo Oblast', N'Tashtagolsky District')
, (N'Kemerovo Oblast', N'Tisulsky District')
, (N'Kemerovo Oblast', N'Topkinsky District')
, (N'Kemerovo Oblast', N'Tyazhinsky District')
, (N'Kemerovo Oblast', N'Yashkinsky District')
, (N'Kemerovo Oblast', N'Yaysky District')
, (N'Kemerovo Oblast', N'Yurginsky District')
, (N'Khabarovsk Krai', N'Amursky District')
, (N'Khabarovsk Krai', N'Ayano-Maysky District')
, (N'Khabarovsk Krai', N'Bikinsky District')
, (N'Khabarovsk Krai', N'imeni Lazo District')
, (N'Khabarovsk Krai', N'imeni Poliny Osipenko District')
, (N'Khabarovsk Krai', N'Khabarovsky District')
, (N'Khabarovsk Krai', N'Komsomolsky District')
, (N'Khabarovsk Krai', N'Nanaysky District')
, (N'Khabarovsk Krai', N'Nikolayevsky District')
, (N'Khabarovsk Krai', N'Okhotsky District')
, (N'Khabarovsk Krai', N'Solnechny District')
, (N'Khabarovsk Krai', N'Sovetsko-Gavansky District')
, (N'Khabarovsk Krai', N'Tuguro-Chumikansky District')
, (N'Khabarovsk Krai', N'Ulchsky District')
, (N'Khabarovsk Krai', N'Vaninsky District')
, (N'Khabarovsk Krai', N'Verkhnebureinsky District')
, (N'Khabarovsk Krai', N'Vyazemsky District')
, (N'Republic of Khakassia', N'Altaysky District')
, (N'Republic of Khakassia', N'Askizsky District')
, (N'Republic of Khakassia', N'Beysky District')
, (N'Republic of Khakassia', N'Bogradsky District')
, (N'Republic of Khakassia', N'Ordzhonikidzevsky District')
, (N'Republic of Khakassia', N'Shirinsky District')
, (N'Republic of Khakassia', N'Tashtypsky District')
, (N'Republic of Khakassia', N'Ust-Abakansky District')
, (N'Khanty-Mansi Autonomous Okrug', N'Beloyarsky District')
, (N'Khanty-Mansi Autonomous Okrug', N'Beryozovsky District')
, (N'Khanty-Mansi Autonomous Okrug', N'Khanty-Mansiysky District')
, (N'Khanty-Mansi Autonomous Okrug', N'Kondinsky District')
, (N'Khanty-Mansi Autonomous Okrug', N'Nefteyugansky District')
, (N'Khanty-Mansi Autonomous Okrug', N'Nizhnevartovsky District')
, (N'Khanty-Mansi Autonomous Okrug', N'Oktyabrsky District')
, (N'Khanty-Mansi Autonomous Okrug', N'Sovetsky District')
, (N'Khanty-Mansi Autonomous Okrug', N'Surgutsky District')
, (N'Kirov Oblast', N'Afanasyevsky District')
, (N'Kirov Oblast', N'Arbazhsky District')
, (N'Kirov Oblast', N'Belokholunitsky District')
, (N'Kirov Oblast', N'Bogorodsky District')
, (N'Kirov Oblast', N'Darovskoy District')
, (N'Kirov Oblast', N'Falyonsky District')
, (N'Kirov Oblast', N'Kiknursky District')
, (N'Kirov Oblast', N'Kilmezsky District')
, (N'Kirov Oblast', N'Kirovo-Chepetsky District')
, (N'Kirov Oblast', N'Kotelnichsky District')
, (N'Kirov Oblast', N'Kumyonsky District')
, (N'Kirov Oblast', N'Lebyazhsky District')
, (N'Kirov Oblast', N'Luzsky District')
, (N'Kirov Oblast', N'Malmyzhsky District')
, (N'Kirov Oblast', N'Murashinsky District')
, (N'Kirov Oblast', N'Nagorsky District')
, (N'Kirov Oblast', N'Nemsky District')
, (N'Kirov Oblast', N'Nolinsky District')
, (N'Kirov Oblast', N'Omutninsky District')
, (N'Kirov Oblast', N'Oparinsky District')
, (N'Kirov Oblast', N'Orichevsky District')
, (N'Kirov Oblast', N'Orlovsky District')
, (N'Kirov Oblast', N'Pizhansky District')
, (N'Kirov Oblast', N'Podosinovsky District')
, (N'Kirov Oblast', N'Sanchursky District')
, (N'Kirov Oblast', N'Shabalinsky District')
, (N'Kirov Oblast', N'Slobodskoy District')
, (N'Kirov Oblast', N'Sovetsky District')
, (N'Kirov Oblast', N'Sunsky District')
, (N'Kirov Oblast', N'Svechinsky District')
, (N'Kirov Oblast', N'Tuzhinsky District')
, (N'Kirov Oblast', N'Uninsky District')
, (N'Kirov Oblast', N'Urzhumsky District')
, (N'Kirov Oblast', N'Verkhnekamsky District')
, (N'Kirov Oblast', N'Verkhoshizhemsky District')
, (N'Kirov Oblast', N'Vyatskopolyansky District')
, (N'Kirov Oblast', N'Yaransky District')
, (N'Kirov Oblast', N'Yuryansky District')
, (N'Kirov Oblast', N'Zuyevsky District')
, (N'Komi Republic', N'Izhemsky District')
, (N'Komi Republic', N'Knyazhpogostsky District')
, (N'Komi Republic', N'Kortkerossky District')
, (N'Komi Republic', N'Koygorodsky District')
, (N'Komi Republic', N'Priluzsky District')
, (N'Komi Republic', N'Syktyvdinsky District')
, (N'Komi Republic', N'Sysolsky District')
, (N'Komi Republic', N'Troitsko-Pechorsky District')
, (N'Komi Republic', N'Udorsky District')
, (N'Komi Republic', N'Ust-Kulomsky District')
, (N'Komi Republic', N'Ust-Tsilemsky District')
, (N'Komi Republic', N'Ust-Vymsky District')
, (N'Kostroma Oblast', N'Antropovsky District')
, (N'Kostroma Oblast', N'Buysky District')
, (N'Kostroma Oblast', N'Chukhlomsky District')
, (N'Kostroma Oblast', N'Galichsky District')
, (N'Kostroma Oblast', N'Kadyysky District')
, (N'Kostroma Oblast', N'Kologrivsky District')
, (N'Kostroma Oblast', N'Kostromskoy District')
, (N'Kostroma Oblast', N'Krasnoselsky District')
, (N'Kostroma Oblast', N'Makaryevsky District')
, (N'Kostroma Oblast', N'Manturovsky District')
, (N'Kostroma Oblast', N'Mezhevskoy District')
, (N'Kostroma Oblast', N'Nerekhtsky District')
, (N'Kostroma Oblast', N'Neysky District')
, (N'Kostroma Oblast', N'Oktyabrsky District')
, (N'Kostroma Oblast', N'Ostrovsky District')
, (N'Kostroma Oblast', N'Parfenyevsky District')
, (N'Kostroma Oblast', N'Pavinsky District')
, (N'Kostroma Oblast', N'Ponazyrevsky District')
, (N'Kostroma Oblast', N'Pyshchugsky District')
, (N'Kostroma Oblast', N'Sharyinsky District')
, (N'Kostroma Oblast', N'Soligalichsky District')
, (N'Kostroma Oblast', N'Sudislavsky District')
, (N'Kostroma Oblast', N'Susaninsky District')
, (N'Kostroma Oblast', N'Vokhomsky District')
, (N'Krasnodar Krai', N'Abinsky District')
, (N'Krasnodar Krai', N'Anapsky District')
, (N'Krasnodar Krai', N'Apsheronsky District')
, (N'Krasnodar Krai', N'Beloglinsky District')
, (N'Krasnodar Krai', N'Belorechensky District')
, (N'Krasnodar Krai', N'Bryukhovetsky District')
, (N'Krasnodar Krai', N'Dinskoy District')
, (N'Krasnodar Krai', N'Gulkevichsky District')
, (N'Krasnodar Krai', N'Kalininsky District')
, (N'Krasnodar Krai', N'Kanevskoy District')
, (N'Krasnodar Krai', N'Kavkazsky District')
, (N'Krasnodar Krai', N'Korenovsky District')
, (N'Krasnodar Krai', N'Krasnoarmeysky District')
, (N'Krasnodar Krai', N'Krylovsky District')
, (N'Krasnodar Krai', N'Krymsky District')
, (N'Krasnodar Krai', N'Kurganinsky District')
, (N'Krasnodar Krai', N'Kushchyovsky District')
, (N'Krasnodar Krai', N'Labinsky District')
, (N'Krasnodar Krai', N'Leningradsky District')
, (N'Krasnodar Krai', N'Mostovsky District')
, (N'Krasnodar Krai', N'Novokubansky District')
, (N'Krasnodar Krai', N'Novopokrovsky District')
, (N'Krasnodar Krai', N'Otradnensky District')
, (N'Krasnodar Krai', N'Pavlovsky District')
, (N'Krasnodar Krai', N'Primorsko-Akhtarsky District')
, (N'Krasnodar Krai', N'Seversky District')
, (N'Krasnodar Krai', N'Shcherbinovsky District')
, (N'Krasnodar Krai', N'Slavyansky District')
, (N'Krasnodar Krai', N'Starominsky District')
, (N'Krasnodar Krai', N'Tbilissky District')
, (N'Krasnodar Krai', N'Temryuksky District')
, (N'Krasnodar Krai', N'Tikhoretsky District')
, (N'Krasnodar Krai', N'Timashyovsky District')
, (N'Krasnodar Krai', N'Tuapsinsky District')
, (N'Krasnodar Krai', N'Uspensky District')
, (N'Krasnodar Krai', N'Ust-Labinsky District')
, (N'Krasnodar Krai', N'Vyselkovsky District')
, (N'Krasnodar Krai', N'Yeysky District')
, (N'Krasnoyarsk Krai', N'Abansky District')
, (N'Krasnoyarsk Krai', N'Achinsky District')
, (N'Krasnoyarsk Krai', N'Balakhtinsky District')
, (N'Krasnoyarsk Krai', N'Beryozovsky District')
, (N'Krasnoyarsk Krai', N'Birilyussky District')
, (N'Krasnoyarsk Krai', N'Bogotolsky District')
, (N'Krasnoyarsk Krai', N'Boguchansky District')
, (N'Krasnoyarsk Krai', N'Bolshemurtinsky District')
, (N'Krasnoyarsk Krai', N'Bolsheuluysky District')
, (N'Krasnoyarsk Krai', N'Dzerzhinsky District')
, (N'Krasnoyarsk Krai', N'Evenkiysky District')
, (N'Krasnoyarsk Krai', N'Idrinsky District')
, (N'Krasnoyarsk Krai', N'Ilansky District')
, (N'Krasnoyarsk Krai', N'Irbeysky District')
, (N'Krasnoyarsk Krai', N'Kansky District')
, (N'Krasnoyarsk Krai', N'Karatuzsky District')
, (N'Krasnoyarsk Krai', N'Kazachinsky District')
, (N'Krasnoyarsk Krai', N'Kezhemsky District')
, (N'Krasnoyarsk Krai', N'Kozulsky District')
, (N'Krasnoyarsk Krai', N'Krasnoturansky District')
, (N'Krasnoyarsk Krai', N'Kuraginsky District')
, (N'Krasnoyarsk Krai', N'Mansky District')
, (N'Krasnoyarsk Krai', N'Minusinsky District')
, (N'Krasnoyarsk Krai', N'Motyginsky District')
, (N'Krasnoyarsk Krai', N'Nazarovsky District')
, (N'Krasnoyarsk Krai', N'Nizhneingashsky District')
, (N'Krasnoyarsk Krai', N'Novosyolovsky District')
, (N'Krasnoyarsk Krai', N'Partizansky District')
, (N'Krasnoyarsk Krai', N'Pirovsky District')
, (N'Krasnoyarsk Krai', N'Rybinsky District')
, (N'Krasnoyarsk Krai', N'Sayansky District')
, (N'Krasnoyarsk Krai', N'Severo-Yeniseysky District')
, (N'Krasnoyarsk Krai', N'Sharypovsky District')
, (N'Krasnoyarsk Krai', N'Shushensky District')
, (N'Krasnoyarsk Krai', N'Sukhobuzimsky District')
, (N'Krasnoyarsk Krai', N'Taseyevsky District')
, (N'Krasnoyarsk Krai', N'Taymyrsky Dolgano-Nenetsky District')
, (N'Krasnoyarsk Krai', N'Turukhansky District')
, (N'Krasnoyarsk Krai', N'Tyukhtetsky District')
, (N'Krasnoyarsk Krai', N'Uyarsky District')
, (N'Krasnoyarsk Krai', N'Uzhursky District')
, (N'Krasnoyarsk Krai', N'Yemelyanovsky District')
, (N'Krasnoyarsk Krai', N'Yeniseysky District')
, (N'Krasnoyarsk Krai', N'Yermakovsky District')
, (N'Kurgan Oblast', N'Almenevsky District')
, (N'Kurgan Oblast', N'Belozersky District')
, (N'Kurgan Oblast', N'Chastoozersky District')
, (N'Kurgan Oblast', N'Dalmatovsky District')
, (N'Kurgan Oblast', N'Kargapolsky District')
, (N'Kurgan Oblast', N'Kataysky District')
, (N'Kurgan Oblast', N'Ketovsky District')
, (N'Kurgan Oblast', N'Kurtamyshsky District')
, (N'Kurgan Oblast', N'Lebyazhyevsky District')
, (N'Kurgan Oblast', N'Makushinsky District')
, (N'Kurgan Oblast', N'Mishkinsky District')
, (N'Kurgan Oblast', N'Mokrousovsky District')
, (N'Kurgan Oblast', N'Petukhovsky District')
, (N'Kurgan Oblast', N'Polovinsky District')
, (N'Kurgan Oblast', N'Pritobolny District')
, (N'Kurgan Oblast', N'Safakulevsky District')
, (N'Kurgan Oblast', N'Shadrinsky District')
, (N'Kurgan Oblast', N'Shatrovsky District')
, (N'Kurgan Oblast', N'Shchuchansky District')
, (N'Kurgan Oblast', N'Shumikhinsky District')
, (N'Kurgan Oblast', N'Tselinny District')
, (N'Kurgan Oblast', N'Vargashinsky District')
, (N'Kurgan Oblast', N'Yurgamyshsky District')
, (N'Kurgan Oblast', N'Zverinogolovsky District')
, (N'Kursk Oblast', N'Belovsky District')
, (N'Kursk Oblast', N'Bolshesoldatsky District')
, (N'Kursk Oblast', N'Cheremisinovsky District')
, (N'Kursk Oblast', N'Dmitriyevsky District')
, (N'Kursk Oblast', N'Fatezhsky District')
, (N'Kursk Oblast', N'Glushkovsky District')
, (N'Kursk Oblast', N'Gorshechensky District')
, (N'Kursk Oblast', N'Kastorensky District')
, (N'Kursk Oblast', N'Khomutovsky District')
, (N'Kursk Oblast', N'Konyshyovsky District')
, (N'Kursk Oblast', N'Korenevsky District')
, (N'Kursk Oblast', N'Kurchatovsky District')
, (N'Kursk Oblast', N'Kursky District')
, (N'Kursk Oblast', N'Lgovsky District')
, (N'Kursk Oblast', N'Manturovsky District')
, (N'Kursk Oblast', N'Medvensky District')
, (N'Kursk Oblast', N'Oboyansky District')
, (N'Kursk Oblast', N'Oktyabrsky District')
, (N'Kursk Oblast', N'Ponyrovsky District')
, (N'Kursk Oblast', N'Pristensky District')
, (N'Kursk Oblast', N'Rylsky District')
, (N'Kursk Oblast', N'Shchigrovsky District')
, (N'Kursk Oblast', N'Solntsevsky District')
, (N'Kursk Oblast', N'Sovetsky District')
, (N'Kursk Oblast', N'Sudzhansky District')
, (N'Kursk Oblast', N'Timsky District')
, (N'Kursk Oblast', N'Zheleznogorsky District')
, (N'Kursk Oblast', N'Zolotukhinsky District')
, (N'Leningrad Oblast', N'Boksitogorsky District')
, (N'Leningrad Oblast', N'Gatchinsky District')
, (N'Leningrad Oblast', N'Kingiseppsky District')
, (N'Leningrad Oblast', N'Kirishsky District')
, (N'Leningrad Oblast', N'Kirovsky District')
, (N'Leningrad Oblast', N'Lodeynopolsky District')
, (N'Leningrad Oblast', N'Luzhsky District')
, (N'Leningrad Oblast', N'Podporozhsky District')
, (N'Leningrad Oblast', N'Priozersky District')
, (N'Leningrad Oblast', N'Slantsevsky District')
, (N'Leningrad Oblast', N'Tikhvinsky District')
, (N'Leningrad Oblast', N'Tosnensky District')
, (N'Leningrad Oblast', N'Volkhovsky District')
, (N'Leningrad Oblast', N'Volosovsky District')
, (N'Leningrad Oblast', N'Vsevolozhsky District')
, (N'Leningrad Oblast', N'Vyborgsky District')
, (N'Lipetsk Oblast', N'Chaplyginsky District')
, (N'Lipetsk Oblast', N'Dankovsky District')
, (N'Lipetsk Oblast', N'Dobrinsky District')
, (N'Lipetsk Oblast', N'Dobrovsky District')
, (N'Lipetsk Oblast', N'Dolgorukovsky District')
, (N'Lipetsk Oblast', N'Gryazinsky District')
, (N'Lipetsk Oblast', N'Izmalkovsky District')
, (N'Lipetsk Oblast', N'Khlevensky District')
, (N'Lipetsk Oblast', N'Krasninsky District')
, (N'Lipetsk Oblast', N'Lebedyansky District')
, (N'Lipetsk Oblast', N'Lev-Tolstovsky District')
, (N'Lipetsk Oblast', N'Lipetsky District')
, (N'Lipetsk Oblast', N'Stanovlyansky District')
, (N'Lipetsk Oblast', N'Terbunsky District')
, (N'Lipetsk Oblast', N'Usmansky District')
, (N'Lipetsk Oblast', N'Volovsky District')
, (N'Lipetsk Oblast', N'Yeletsky District')
, (N'Lipetsk Oblast', N'Zadonsky District')
, (N'Magadan Oblast', N'Khasynsky District')
, (N'Magadan Oblast', N'Olsky District')
, (N'Magadan Oblast', N'Omsukchansky District')
, (N'Magadan Oblast', N'Severo-Evensky District')
, (N'Magadan Oblast', N'Srednekansky District')
, (N'Magadan Oblast', N'Susumansky District')
, (N'Magadan Oblast', N'Tenkinsky District')
, (N'Magadan Oblast', N'Yagodninsky District')
, (N'Mari El Republic', N'Gornomariysky District')
, (N'Mari El Republic', N'Kilemarsky District')
, (N'Mari El Republic', N'Kuzhenersky District')
, (N'Mari El Republic', N'Mari-Tureksky District')
, (N'Mari El Republic', N'Medvedevsky District')
, (N'Mari El Republic', N'Morkinsky District')
, (N'Mari El Republic', N'Novotoryalsky District')
, (N'Mari El Republic', N'Orshansky District')
, (N'Mari El Republic', N'Paranginsky District')
, (N'Mari El Republic', N'Sernursky District')
, (N'Mari El Republic', N'Sovetsky District')
, (N'Mari El Republic', N'Volzhsky District')
, (N'Mari El Republic', N'Yurinsky District')
, (N'Mari El Republic', N'Zvenigovsky District')
, (N'Republic of Mordovia', N'Ardatovsky District')
, (N'Republic of Mordovia', N'Atyashevsky District')
, (N'Republic of Mordovia', N'Atyuryevsky District')
, (N'Republic of Mordovia', N'Bolshebereznikovsky District')
, (N'Republic of Mordovia', N'Bolsheignatovsky District')
, (N'Republic of Mordovia', N'Chamzinsky District')
, (N'Republic of Mordovia', N'Dubyonsky District')
, (N'Republic of Mordovia', N'Ichalkovsky District')
, (N'Republic of Mordovia', N'Insarsky District')
, (N'Republic of Mordovia', N'Kadoshkinsky District')
, (N'Republic of Mordovia', N'Kochkurovsky District')
, (N'Republic of Mordovia', N'Kovylkinsky District')
, (N'Republic of Mordovia', N'Krasnoslobodsky District')
, (N'Republic of Mordovia', N'Lyambirsky District')
, (N'Republic of Mordovia', N'Romodanovsky District')
, (N'Republic of Mordovia', N'Ruzayevsky District')
, (N'Republic of Mordovia', N'Staroshaygovsky District')
, (N'Republic of Mordovia', N'Temnikovsky District')
, (N'Republic of Mordovia', N'Tengushevsky District')
, (N'Republic of Mordovia', N'Torbeyevsky District')
, (N'Republic of Mordovia', N'Yelnikovsky District')
, (N'Republic of Mordovia', N'Zubovo-Polyansky District')
;

insert into lesson1_db.local_administrative_unit(unit_id, local_unit_name, local_unit_type)
select 
	 au.unit_id, rc.district_name, ut.id
from lesson1_db.regional_district as rc
inner join lesson1_db.administrative_unit as au on au.unit_name = rc.unit_name
inner join lesson1_db.local_administrative_unit_type as ut on ut.local_unit_type_name = N'District'
order by rc.district_name;

drop table if exists lesson1_db.regional_district;

select * from lesson1_db.local_administrative_unit


